Nil,nstockney0@plala.or.jp,Bigender
Filide,fgoodspeed1@bravesites.com,Female
Freda,fdryburgh2@seesaa.net,Non-binary
Ezmeralda,ejeannot3@utexas.edu,Genderfluid
Pietro,pcage4@amazon.co.jp,Female
Terrence,tcordey5@nature.com,Female
Marlo,moolahan6@mit.edu,Female
Chadwick,cdolby7@sohu.com,Non-binary
Kevan,kjirek8@gov.uk,Bigender
Lanna,lprince9@whitehouse.gov,Polygender
Malvin,mcraythornea@kickstarter.com,Female
Chip,cbatthewb@livejournal.com,Polygender
Ailina,abastidec@edublogs.org,Genderqueer
Munmro,mcotterilld@omniture.com,Agender
Katherine,kcasselle@upenn.edu,Agender
Mirna,mallbrookf@example.com,Polygender
Agosto,azelleyg@home.pl,Non-binary
Helli,hbloreh@behance.net,Genderfluid
Wallie,wzanninii@tinypic.com,Polygender
Quincey,qrobyj@stanford.edu,Agender
Raina,rpickink@livejournal.com,Genderqueer
Matteo,mohlsenl@thetimes.co.uk,Non-binary
Sigvard,sfewingsm@cafepress.com,Female
Caddric,cdiggonsn@ezinearticles.com,Non-binary
Laurice,lbeldono@businesswire.com,Bigender
Wallis,wginnip@fc2.com,Polygender
Ches,cpassmanq@so-net.ne.jp,Male
Brier,braggattr@bbb.org,Genderfluid
Merrilee,mjolleys@mozilla.org,Male
Vallie,vgraffint@sbwire.com,Agender
Lynette,lbattmanu@blogspot.com,Agender
Milty,mwhistanv@fema.gov,Polygender
Lacee,lboylew@360.cn,Genderfluid
Briant,btomkissx@pbs.org,Male
Pat,pmartynikhiny@ca.gov,Non-binary
Garek,gcicchelliz@drupal.org,Male
Joana,jgarmans10@indiatimes.com,Female
Celle,coade11@issuu.com,Agender
Loella,ljoreau12@google.cn,Genderqueer
Robert,rbruckstein13@wufoo.com,Non-binary
Clemmy,cfreeborn14@howstuffworks.com,Polygender
Meredeth,mskipperbottom15@istockphoto.com,Agender
Alford,achallin16@flickr.com,Genderqueer
Odessa,ogreatreax17@amazonaws.com,Genderfluid
Donetta,dathey18@geocities.com,Agender
Gaven,gdy19@bizjournals.com,Polygender
Trevor,tokenden1a@istockphoto.com,Non-binary
Ruth,rlindenboim1b@blog.com,Polygender
Marianna,mpinner1c@boston.com,Non-binary
Roanne,rskokoe1d@lulu.com,Female
Leigh,lsimonich1e@squarespace.com,Bigender
Kinna,kmaccaughen1f@washingtonpost.com,Female
Mirella,mkuhnke1g@wunderground.com,Agender
Chickie,ccogger1h@wordpress.org,Bigender
Charity,cshalloe1i@apple.com,Female
Jillane,jrooke1j@alibaba.com,Male
Brandy,bmatitiaho1k@drupal.org,Polygender
Malena,morrom1l@prnewswire.com,Polygender
Gris,gcollidge1m@webmd.com,Bigender
Elke,eshillum1n@last.fm,Bigender
Reggi,rstirman1o@virginia.edu,Genderfluid
Karine,kcottam1p@washingtonpost.com,Male
Christan,credmain1q@wordpress.com,Agender
Orella,owinterson1r@washington.edu,Non-binary
Selby,splitz1s@constantcontact.com,Female
Aarika,aogleasane1t@pen.io,Non-binary
Chandra,cmoland1u@foxnews.com,Bigender
Bessy,bfawltey1v@fc2.com,Female
Tanya,teastes1w@prnewswire.com,Agender
Hattie,hgwilym1x@mit.edu,Agender
Sigmund,smaryska1y@yellowpages.com,Agender
Maighdiln,mtremlett1z@blog.com,Genderfluid
Dorothea,dbraybrooke20@opera.com,Polygender
Therine,tgalbraith21@altervista.org,Polygender
Davida,dbosket22@answers.com,Male
Kass,ktoppin23@dropbox.com,Female
Betti,beschelle24@earthlink.net,Genderqueer
Malchy,mallabush25@domainmarket.com,Male
Odey,osparks26@dagondesign.com,Bigender
Sigismond,sguihen27@posterous.com,Non-binary
Noland,ngeffinger28@sciencedaily.com,Polygender
Lorine,lkleinhausen29@abc.net.au,Genderfluid
Rory,rsaltmarsh2a@bluehost.com,Agender
Ash,aheintze2b@51.la,Agender
Danyelle,dmitrovic2c@canalblog.com,Genderqueer
Larry,lpetel2d@sina.com.cn,Genderqueer
Gussie,gbodle2e@livejournal.com,Genderfluid
Oran,oraynham2f@pagesperso-orange.fr,Female
Terry,tjohananoff2g@google.de,Bigender
Johnny,jbirdwistle2h@pinterest.com,Male
Maridel,mgibbeson2i@jugem.jp,Non-binary
Petra,pguillem2j@mapquest.com,Non-binary
Dionne,dduchant2k@shutterfly.com,Female
Carmina,coday2l@kickstarter.com,Male
Cecil,ccrilley2m@virginia.edu,Agender
Stefa,stinston2n@google.com,Genderqueer
Lorene,lealles2o@addtoany.com,Bigender
Zia,zclaus2p@meetup.com,Non-binary
Paulie,pisakovic2q@indiegogo.com,Female
Gabie,gleele2r@patch.com,Polygender
Christan,cpippin2s@jalbum.net,Bigender
Edie,emorling2t@columbia.edu,Genderfluid
Morganne,maudsley2u@wikipedia.org,Bigender
Marya,mspickett2v@yelp.com,Male
Winifred,wskupinski2w@gov.uk,Non-binary
Claudina,csawkin2x@admin.ch,Genderqueer
Ellery,eingleby2y@blogger.com,Non-binary
Nancy,nosselton2z@cmu.edu,Genderfluid
Queenie,qpetri30@geocities.com,Genderqueer
Donnie,dkendle31@apple.com,Non-binary
Bordie,benbury32@amazon.com,Bigender
Aksel,alyttle33@moonfruit.com,Non-binary
Rori,rhigginbottam34@scribd.com,Bigender
Tiffanie,tolivetta35@lycos.com,Female
Farrell,fpudner36@simplemachines.org,Genderqueer
Heda,hwattisham37@ca.gov,Male
Chalmers,csauvage38@unicef.org,Male
Papagena,pshorthill39@nih.gov,Genderfluid
Bridie,blemery3a@booking.com,Genderqueer
Bibbie,bthebeaud3b@youku.com,Genderfluid
Jacinda,jharbor3c@imgur.com,Non-binary
Zsazsa,zfranzen3d@pagesperso-orange.fr,Bigender
Fran,fcicculini3e@mashable.com,Bigender
Adriaens,ajaggs3f@godaddy.com,Agender
Joli,jbodycombe3g@topsy.com,Non-binary
Catharina,cbecket3h@dmoz.org,Agender
Karoly,krhyme3i@samsung.com,Agender
Janna,jbohl3j@newyorker.com,Non-binary
Michele,mscoggins3k@microsoft.com,Female
Brien,breignolds3l@technorati.com,Male
Trstram,tdugget3m@naver.com,Genderqueer
Bent,bsteinham3n@upenn.edu,Agender
Valle,vferreras3o@biblegateway.com,Polygender
Lenora,lstutter3p@acquirethisname.com,Bigender
Dara,dreston3q@is.gd,Genderfluid
Amata,adantesia3r@ovh.net,Polygender
Joanne,jdeeny3s@umich.edu,Non-binary
Adan,agorman3t@yellowbook.com,Genderfluid
Yettie,ybrinded3u@cnbc.com,Agender
Mellicent,mhullyer3v@sphinn.com,Polygender
Lilah,lpeasnone3w@nasa.gov,Genderfluid
Hazlett,hgrieger3x@free.fr,Genderfluid
Chandal,csiddons3y@bigcartel.com,Agender
Caria,carlow3z@yahoo.com,Genderqueer
Camey,climmer40@unesco.org,Agender
Tammie,tdeacon41@t.co,Genderqueer
Garnette,gewebank42@cocolog-nifty.com,Agender
Hillery,hbredbury43@mediafire.com,Genderfluid
Melva,mbode44@issuu.com,Female
Danella,dverduin45@berkeley.edu,Agender
Caralie,cbladge46@sourceforge.net,Genderqueer
Scottie,swessel47@google.it,Bigender
Elvira,eraubheim48@earthlink.net,Polygender
Angeline,acloney49@bloglines.com,Polygender
Zacherie,zcushe4a@phoca.cz,Genderqueer
Regan,rmangham4b@ucoz.ru,Genderqueer
Cariotta,csaunderson4c@canalblog.com,Genderqueer
Ingunna,ireinbach4d@acquirethisname.com,Agender
Fernande,fcolnet4e@bravesites.com,Female
Ariella,aframe4f@wsj.com,Polygender
Karly,kpeirson4g@businesswire.com,Female
Berri,bcompfort4h@amazon.de,Polygender
Aldon,amccandie4i@hatena.ne.jp,Male
Von,vferrao4j@ucla.edu,Genderfluid
Shandee,swallsam4k@weebly.com,Genderqueer
Marji,mdumbelton4l@histats.com,Agender
Hetti,hcampagne4m@newyorker.com,Agender
Lammond,loffener4n@dmoz.org,Non-binary
Fritz,fverrills4o@yolasite.com,Bigender
Betta,baires4p@nytimes.com,Bigender
Raina,rmantione4q@vinaora.com,Agender
Winslow,whubner4r@dion.ne.jp,Bigender
Rich,rplowes4s@cnn.com,Agender
Trixi,tsoutar4t@flickr.com,Genderqueer
Blancha,bscogin4u@php.net,Polygender
Hyatt,hmcgrotty4v@phpbb.com,Non-binary
Leann,lpetrovykh4w@moonfruit.com,Non-binary
Germain,gemanueli4x@china.com.cn,Genderqueer
Roderigo,reeles4y@toplist.cz,Genderfluid
Margo,mcutler4z@statcounter.com,Female
Georgine,gschnitter50@cbsnews.com,Non-binary
Flint,fhabbes51@is.gd,Polygender
Alix,amitchener52@artisteer.com,Genderfluid
Meade,mhallaways53@google.co.uk,Bigender
Swen,smor54@mtv.com,Polygender
Ximenez,xmatchitt55@joomla.org,Genderqueer
Melisse,mlowman56@businessinsider.com,Agender
Kalli,kfalconertaylor57@delicious.com,Male
Wadsworth,wbum58@google.co.jp,Bigender
Biron,btomich59@amazon.co.uk,Genderqueer
Gussy,gblackburn5a@forbes.com,Polygender
Rhianon,rleeburn5b@ft.com,Polygender
Victor,vgeraldi5c@census.gov,Bigender
Cele,cmckitterick5d@canalblog.com,Genderqueer
Archy,amatiashvili5e@nyu.edu,Female
Daron,dhambidge5f@forbes.com,Genderfluid
Andras,azimmermanns5g@xing.com,Bigender
Tiebout,tfearne5h@addthis.com,Male
Catharine,cbeacroft5i@mashable.com,Non-binary
Tillie,tdesporte5j@over-blog.com,Bigender
Keeley,kstpierre5k@google.ru,Agender
Vivianne,vhansed5l@yelp.com,Non-binary
Liane,lgreer5m@bbb.org,Female
Findlay,fschutter5n@gmpg.org,Female
Frasco,fbenne5o@imdb.com,Bigender
Lelah,lbettinson5p@reference.com,Polygender
Lilyan,lciccoloi5q@ucsd.edu,Genderqueer
Ira,icroley5r@go.com,Polygender
Joey,jschmidt5s@cnn.com,Female
Nat,ncomusso5t@usnews.com,Bigender
Urban,uarnet5u@printfriendly.com,Non-binary
Spenser,sbeiderbecke5v@blogs.com,Female
Cleveland,crealph5w@google.nl,Agender
Jami,jlerego5x@hostgator.com,Polygender
Lebbie,llangman5y@howstuffworks.com,Female
Kali,kbrundrett5z@blogspot.com,Female
Hymie,hpurvey60@csmonitor.com,Genderfluid
Xever,xclouston61@bloomberg.com,Non-binary
Petronille,pbussy62@cisco.com,Female
Portia,pclerk63@unc.edu,Male
Malynda,mpavier64@sakura.ne.jp,Female
Jessalin,jpatters65@telegraph.co.uk,Genderfluid
Pippy,pgillion66@hao123.com,Agender
Kaitlyn,kclear67@bbc.co.uk,Bigender
Erich,emaisey68@nih.gov,Genderfluid
Alica,afenner69@goo.gl,Male
Hagen,hmaharg6a@illinois.edu,Polygender
Verne,vpetegrew6b@cmu.edu,Genderqueer
Rebekah,rcastri6c@youtube.com,Genderfluid
Anderson,akernaghan6d@freewebs.com,Agender
Diana,dobrallaghan6e@hatena.ne.jp,Agender
Duffy,dleif6f@nasa.gov,Genderqueer
Elvera,eclarabut6g@quantcast.com,Bigender
Ezekiel,eadshead6h@icio.us,Agender
Aidan,awillingam6i@mail.ru,Female
Fairfax,ftaig6j@mlb.com,Female
Revkah,rreally6k@plala.or.jp,Female
Gonzales,gdutt6l@amazonaws.com,Genderqueer
Anjela,adowdle6m@feedburner.com,Male
Lauren,llamboll6n@digg.com,Agender
Hobey,hcuttelar6o@technorati.com,Male
Levy,lmoles6p@cbc.ca,Male
Felicio,fcavnor6q@guardian.co.uk,Bigender
Lyndel,lcopnar6r@furl.net,Female
Fidel,fccomini6s@nps.gov,Agender
Clayborne,crilings6t@bbb.org,Non-binary
Hube,hthaxter6u@twitter.com,Male
Eba,epemble6v@noaa.gov,Non-binary
Waylin,wwigfield6w@craigslist.org,Genderqueer
Jeniece,jscarlon6x@example.com,Non-binary
Josephine,jascough6y@msn.com,Male
Ravid,rcadogan6z@tumblr.com,Genderqueer
Stephie,sgellett70@t-online.de,Male
Clarie,cbulcock71@go.com,Agender
Hal,hlightbourne72@cornell.edu,Bigender
El,egirodias73@marriott.com,Male
Jess,jbenyan74@ft.com,Polygender
Fiann,fklejin75@soup.io,Female
Jeanine,joriel76@deviantart.com,Agender
Audre,aelt77@mlb.com,Bigender
Niles,nrubinchik78@weather.com,Female
Demetrius,dsawer79@123-reg.co.uk,Female
Giorgi,gserman7a@chronoengine.com,Non-binary
Nester,nprendergrast7b@blogger.com,Bigender
Adelle,aorgee7c@bravesites.com,Non-binary
Crista,clant7d@msn.com,Genderfluid
Stafford,slincey7e@github.com,Non-binary
Samaria,siffland7f@nyu.edu,Female
Ileana,ipharrow7g@ucoz.ru,Female
Vallie,vhitzke7h@apple.com,Bigender
Thia,tschriren7i@weibo.com,Non-binary
Debee,dmuckloe7j@usgs.gov,Male
Amery,aierland7k@blogspot.com,Agender
Nathalie,nmartusov7l@constantcontact.com,Female
Siana,sloveland7m@guardian.co.uk,Genderfluid
Darice,dratie7n@ebay.com,Male
Hermine,hjunkin7o@ehow.com,Polygender
Bartram,bgallichiccio7p@tiny.cc,Genderqueer
Shanta,sigounet7q@cam.ac.uk,Non-binary
Carlina,cabarough7r@biglobe.ne.jp,Female
Enid,ezorzini7s@amazon.com,Male
Agnesse,aduffil7t@angelfire.com,Bigender
Ignacius,itackle7u@canalblog.com,Male
Stacy,ssouley7v@github.com,Genderfluid
Stephi,sgerler7w@wiley.com,Male
Yance,ygreenshiels7x@ucsd.edu,Agender
Vinni,vtalby7y@washingtonpost.com,Agender
Paulo,pmoorcroft7z@smh.com.au,Genderqueer
Igor,imackeeg80@wikispaces.com,Male
Juli,jbelliard81@wix.com,Non-binary
Leontyne,lgraffham82@hostgator.com,Genderfluid
Jarred,jgoing83@csmonitor.com,Genderfluid
Engelbert,elemonnier84@fc2.com,Polygender
Pincus,pvockings85@nytimes.com,Male
Brody,bspaldin86@opera.com,Male
Niko,nroman87@mashable.com,Male
Millard,mapark88@sfgate.com,Male
Marthena,mlathy89@discuz.net,Genderqueer
Urbanus,udupree8a@nasa.gov,Genderfluid
Aurore,ajobling8b@cloudflare.com,Agender
Lonnard,lcholwell8c@vkontakte.ru,Bigender
Cori,choofe8d@yellowbook.com,Female
Odell,opiers8e@rakuten.co.jp,Genderqueer
Andriana,aoades8f@cargocollective.com,Female
Bram,btearny8g@studiopress.com,Bigender
Spence,scoite8h@sitemeter.com,Agender
Stu,srene8i@mtv.com,Male
Trace,tlittley8j@cpanel.net,Female
Elli,egibke8k@jalbum.net,Non-binary
Therese,tdinse8l@noaa.gov,Agender
Shelley,sslarke8m@statcounter.com,Polygender
Moishe,mkilmister8n@cafepress.com,Polygender
Aviva,agingel8o@shareasale.com,Genderqueer
Rubetta,rdugdale8p@addtoany.com,Genderqueer
Hunter,hcorris8q@si.edu,Bigender
Nester,njecks8r@icq.com,Polygender
Billy,btumini8s@desdev.cn,Genderfluid
Zorana,zambroisin8t@histats.com,Male
Even,eblazic8u@engadget.com,Male
Shelden,sstobbart8v@netscape.com,Polygender
Kimberli,kmcilwreath8w@facebook.com,Female
Valentine,vfitch8x@list-manage.com,Genderfluid
Dino,dgiacubbo8y@geocities.jp,Female
Nisse,nbillany8z@engadget.com,Polygender
Alayne,atrase90@1688.com,Agender
Kelsy,kgarrold91@reddit.com,Female
Mitchael,mmccaghan92@github.io,Polygender
Sorcha,swilfinger93@abc.net.au,Agender
Alikee,amcelmurray94@theglobeandmail.com,Male
Niel,ndeakes95@nps.gov,Bigender
Ealasaid,emallalieu96@mayoclinic.com,Female
Brittney,bjira97@ibm.com,Male
Fletcher,fmandrier98@123-reg.co.uk,Genderqueer
Van,vculbert99@bing.com,Female
Mikel,msavage9a@cnn.com,Genderfluid
Dorene,dghelardi9b@istockphoto.com,Agender
Karol,kgravenall9c@amazon.co.uk,Non-binary
Gonzales,gburet9d@pagesperso-orange.fr,Non-binary
Bev,bszymanek9e@homestead.com,Female
Janka,joxbie9f@t.co,Genderqueer
Pietrek,pgiacobini9g@nymag.com,Non-binary
Mallory,mabelovitz9h@google.com.au,Genderfluid
Arni,amonaghan9i@youtu.be,Genderfluid
Lilly,lcathesyed9j@timesonline.co.uk,Polygender
Malory,mspare9k@cnet.com,Female
Jozef,jbichener9l@pagesperso-orange.fr,Male
Mikol,mspackman9m@ocn.ne.jp,Bigender
Heddie,hkingcott9n@wired.com,Genderqueer
Antons,acarlon9o@sciencedaily.com,Female
Kitti,knoury9p@tmall.com,Bigender
Braden,bivasechko9q@hc360.com,Agender
Tori,tstockley9r@smugmug.com,Bigender
Shaylynn,syesenev9s@drupal.org,Bigender
Gusti,gbossel9t@histats.com,Genderqueer
Derron,dcantillon9u@reuters.com,Agender
Rosanna,rserraillier9v@storify.com,Polygender
Joel,jdibbin9w@nps.gov,Bigender
Egbert,ebabb9x@blinklist.com,Bigender
Geno,gzorzetti9y@bing.com,Female
Maire,mcantwell9z@bbb.org,Bigender
Hilly,hpellingara0@slideshare.net,Polygender
Erminie,efriedmana1@360.cn,Female
Wittie,whalleya2@blinklist.com,Agender
Gery,gyushankina3@quantcast.com,Genderfluid
Conroy,cvargaa4@360.cn,Bigender
Rossy,rlindenmana5@nytimes.com,Bigender
Madeline,mwikeya6@cisco.com,Male
Roana,rottera7@sitemeter.com,Polygender
Wilmette,wcornillia8@europa.eu,Genderqueer
Renee,rcolvinea9@ucoz.ru,Male
Rodney,rolveraa@deviantart.com,Polygender
Dorice,daguilarab@canalblog.com,Male
Kristos,kbraffingtonac@live.com,Polygender
Lesley,lcleaverad@csmonitor.com,Genderfluid
Rosanne,rcowperae@stumbleupon.com,Genderqueer
Hussein,hkestevenaf@creativecommons.org,Non-binary
Terrill,truggeag@cbc.ca,Non-binary
Gavan,geppersonah@noaa.gov,Agender
Brandon,bindruchai@yellowpages.com,Female
Feodora,fshallooaj@businessinsider.com,Non-binary
Natala,ndinesenak@ftc.gov,Agender
Ashlan,atruscottal@eepurl.com,Agender
Clayborn,cfilippelloam@time.com,Female
Dahlia,dhazlean@netscape.com,Male
Lockwood,lplayleao@seattletimes.com,Non-binary
Marlie,mbalaamap@live.com,Agender
Muffin,mgarmentaq@msn.com,Bigender
Stevena,sgerberar@yelp.com,Non-binary
Kaine,kfranceyas@biglobe.ne.jp,Female
Whitman,wbomfieldat@admin.ch,Female
Leontine,ltandeyau@abc.net.au,Genderqueer
Bliss,bstroobandav@fema.gov,Genderqueer
Cassondra,cgiacoppoliaw@360.cn,Genderfluid
Annecorinne,aokennavainax@usatoday.com,Male
Stanwood,sluigiay@ebay.co.uk,Agender
Estella,ekebellaz@bravesites.com,Polygender
Hannah,hgriceb0@smh.com.au,Genderfluid
Gwenette,gdebernardisb1@trellian.com,Polygender
Ryley,rizakb2@uiuc.edu,Genderfluid
Rodolph,rbuswellb3@miitbeian.gov.cn,Genderfluid
Eudora,ehilhouseb4@prlog.org,Female
Roseanne,rsmethurstb5@sohu.com,Genderqueer
Lynn,lovillb6@edublogs.org,Genderqueer
Raychel,rhoysb7@jalbum.net,Male
Maddie,mmcneelyb8@freewebs.com,Non-binary
Hillel,hgoodridgeb9@yolasite.com,Female
Lydia,lwattinsba@cisco.com,Male
Kassie,klestrangebb@simplemachines.org,Female
Kimberlyn,kbuntainbc@cmu.edu,Agender
Bern,bmullarkeybd@examiner.com,Bigender
Ham,hvicareybe@stumbleupon.com,Agender
Kari,kthingbf@slashdot.org,Female
Gus,gfairestbg@mail.ru,Female
Ashby,aballendinebh@hatena.ne.jp,Polygender
Danny,dsproulbi@timesonline.co.uk,Bigender
Ayn,ashielbj@admin.ch,Female
Elka,ewylltbk@businessinsider.com,Bigender
Brit,bhuychebl@tmall.com,Male
Sloane,sridulfobm@studiopress.com,Female
Quintilla,qoxbroughbn@istockphoto.com,Male
Ham,hendicottbo@wunderground.com,Non-binary
Hunter,hstadingbp@aboutads.info,Male
Ariela,adracobq@aol.com,Non-binary
Lilian,lmiklembr@sourceforge.net,Polygender
Pasquale,ptattoobs@vinaora.com,Genderfluid
Maude,mberfootbt@artisteer.com,Genderfluid
Glendon,gpailinbu@booking.com,Male
Rea,rdunrigebv@storify.com,Non-binary
Ximenez,xvasserbw@hp.com,Genderfluid
Roxine,rvalentinuzzibx@accuweather.com,Polygender
Mady,masberyby@github.com,Female
Sanford,smaxworthybz@biglobe.ne.jp,Agender
Manuel,mkensettc0@nifty.com,Agender
Kermie,kvernauc1@aboutads.info,Genderfluid
Haily,hlestrangec2@google.com.hk,Genderfluid
Kareem,kkenefordc3@topsy.com,Male
El,edewdenyc4@weebly.com,Bigender
Emily,esheac5@tripod.com,Non-binary
Bethina,bbeigc6@feedburner.com,Non-binary
Merla,msorrellc7@sina.com.cn,Male
Kali,kseccombec8@squarespace.com,Genderfluid
Eamon,etellessonc9@ucla.edu,Genderfluid
Dalenna,dmarlowca@noaa.gov,Female
Gerri,gcampionecb@home.pl,Genderfluid
Cosette,cnewartcc@gravatar.com,Polygender
Pearline,pinsullcd@bizjournals.com,Bigender
Gilles,gmacdermottce@washingtonpost.com,Genderfluid
Grete,gglanestercf@woothemes.com,Agender
Alexis,aparkscg@friendfeed.com,Bigender
Sheila-kathryn,slooneych@cyberchimps.com,Non-binary
Lu,lderkesci@deliciousdays.com,Genderfluid
Dallas,drawcliffecj@fastcompany.com,Genderqueer
Myrah,mjorezck@com.com,Agender
Aloysius,afabbcl@scientificamerican.com,Bigender
Hetty,hcoppledikecm@cargocollective.com,Genderfluid
Phip,pmccorrycn@java.com,Genderfluid
Gizela,grickerbyco@shop-pro.jp,Agender
Lonnard,ljustcp@1und1.de,Polygender
Annemarie,akleinplaccq@discovery.com,Male
Aila,acressinghamcr@joomla.org,Non-binary
Packston,pbaudaccics@pagesperso-orange.fr,Male
Chen,cwoolfittct@aol.com,Polygender
Frankie,fishakicu@msn.com,Male
Barbabra,bmaccrossancv@scientificamerican.com,Genderfluid
Amalie,aeadescw@blogtalkradio.com,Genderqueer
Nye,nharscx@liveinternet.ru,Female
Andres,aburgillcy@omniture.com,Genderqueer
Dorine,dtabarycz@edublogs.org,Bigender
Lynette,lhandoverd0@blinklist.com,Polygender
Bevan,bbealsd1@disqus.com,Female
Nichols,nroscamd2@angelfire.com,Female
Eloisa,eeckertd3@google.de,Agender
Frances,fsauntd4@wikimedia.org,Polygender
Phillip,pbrusselsd5@webmd.com,Female
Dietrich,ddeenerd6@ted.com,Genderqueer
Sashenka,spressleed7@hc360.com,Bigender
Roselia,rmeadsd8@hugedomains.com,Genderqueer
Hazel,hwhaphamd9@clickbank.net,Male
Julie,jcuseckda@example.com,Genderqueer
Bebe,bsagedb@4shared.com,Genderqueer
Justinian,jsewalldc@theatlantic.com,Polygender
Drusy,dmackrodd@washington.edu,Bigender
Vitoria,vgiande@sun.com,Male
Sheffy,sbolusdf@slate.com,Bigender
Antonio,aclercdg@acquirethisname.com,Genderfluid
Novelia,ncreeghandh@moonfruit.com,Non-binary
Audra,akeillohdi@sphinn.com,Polygender
Hershel,harsondj@illinois.edu,Genderqueer
Bobbye,beverilldk@skype.com,Non-binary
Troy,tgorrissendl@bravesites.com,Bigender
Noella,nthalmanndm@whitehouse.gov,Female
Tabor,tfaasdn@fc2.com,Polygender
Hedi,hchasteaudo@chronoengine.com,Male
Berny,bpeerydp@independent.co.uk,Male
Robert,rbrandtdq@who.int,Female
Sunny,sskelbeckdr@t-online.de,Non-binary
Mersey,mbaribalds@usa.gov,Male
Saunderson,skevanedt@posterous.com,Agender
Gearard,ggreetdu@sciencedaily.com,Non-binary
Karalynn,kwilboredv@t.co,Non-binary
Sallyanne,sbaswalldw@123-reg.co.uk,Bigender
Rebecka,rbrocklebankdx@prlog.org,Bigender
Hinda,hhullbrookdy@imdb.com,Female
Fanya,fbeebledz@cnbc.com,Polygender
Karina,kbevillee0@imgur.com,Non-binary
Elston,ehodginse1@cafepress.com,Genderfluid
Cristen,cleivesleye2@cocolog-nifty.com,Polygender
Hamilton,heddinse3@fda.gov,Female
Ingaborg,ihayzere4@unesco.org,Non-binary
Barr,brouse5@discovery.com,Non-binary
Maddy,mlorrimane6@google.com.au,Male
Tom,tspekee7@google.fr,Female
Barnie,bfowelle8@sciencedirect.com,Bigender
Alverta,abraamse9@diigo.com,Agender
Annabela,aeadmeadea@tinyurl.com,Genderqueer
Frants,fmaffullieb@apache.org,Agender
Blakeley,bbamberec@walmart.com,Genderfluid
Rich,rkearforded@merriam-webster.com,Agender
Rafi,rromanelliee@myspace.com,Genderfluid
Johanna,jshildrakeef@bloomberg.com,Agender
Zena,zferryeg@youtu.be,Male
Jedd,jcorainieh@dropbox.com,Female
Brunhilda,bsimkovitzei@netscape.com,Non-binary
Dorelia,dlaightej@aol.com,Bigender
Germain,gvindenek@typepad.com,Genderqueer
Etty,ehorrellel@behance.net,Genderqueer
Evie,ekubanekem@biblegateway.com,Genderqueer
Enrica,ehebbarden@hao123.com,Bigender
Mavis,mgerriteo@huffingtonpost.com,Non-binary
Mair,mjosefovicep@seesaa.net,Genderfluid
Vick,vnornableeq@goodreads.com,Bigender
Brenda,bbucktharper@salon.com,Non-binary
Maudie,mkeddiees@hubpages.com,Bigender
Jaclin,jhumphrieset@exblog.jp,Polygender
Katharyn,kdensuneu@cdc.gov,Polygender
Pepi,pragateev@apple.com,Non-binary
Garry,ghayerew@irs.gov,Genderfluid
Dulcie,dpieroniex@sogou.com,Non-binary
Blythe,blindsleyey@smugmug.com,Bigender
Martainn,mcrombleholmeez@yahoo.co.jp,Agender
Norman,nthaxtonf0@xrea.com,Female
Jonah,jsumpterf1@guardian.co.uk,Agender
Elisha,elebrunf2@indiegogo.com,Bigender
Fidelia,fjerzykiewiczf3@edublogs.org,Bigender
Veronika,vschulerf4@artisteer.com,Male
Borden,bwhorff5@github.io,Polygender
Chrystal,ccartwrightf6@adobe.com,Genderqueer
Archambault,adhooghef7@msn.com,Female
Quinlan,qnoddlef8@state.gov,Bigender
Ronnie,rtrasslerf9@statcounter.com,Agender
Carleton,ccayfa@de.vu,Bigender
Carleton,cguppyfb@wordpress.org,Agender
Tessi,tlacottefc@yellowpages.com,Polygender
Shalom,scainsfd@epa.gov,Bigender
Leisha,loconcannonfe@cornell.edu,Polygender
Raquela,rgodehardsfff@mediafire.com,Genderqueer
Ameline,arootsfg@oakley.com,Agender
Laurianne,lstummeyerfh@usda.gov,Non-binary
Tadeas,tvasilchikovfi@wikipedia.org,Male
Noah,nhugninfj@businessweek.com,Female
Nertie,nbarberfk@facebook.com,Non-binary
Nertie,nrobinetfl@mtv.com,Genderqueer
Cammi,cchamberlainfm@nsw.gov.au,Non-binary
Lezlie,lormesfn@posterous.com,Polygender
Kip,kmoultfo@sphinn.com,Male
Mil,mcarlonifp@mail.ru,Genderqueer
Shirlene,sludronfq@printfriendly.com,Non-binary
Robbyn,rrudledgefr@reuters.com,Non-binary
Jeri,jyakovlivfs@elegantthemes.com,Female
Ginnifer,gsamft@squarespace.com,Bigender
Corrianne,cbootellfu@buzzfeed.com,Genderqueer
Gare,gbrandlefv@ca.gov,Non-binary
Arlin,akinghfw@csmonitor.com,Female
Abe,aparamorefx@upenn.edu,Non-binary
Opal,omcrobbfy@ameblo.jp,Non-binary
Charlotta,ccatorfz@netvibes.com,Genderfluid
Marisa,mwheatmang0@addtoany.com,Genderqueer
Trent,theselwoodg1@latimes.com,Female
Lucky,lallardg2@fema.gov,Non-binary
Florinda,fsaterthwaitg3@uiuc.edu,Male
Gillian,gcleghorng4@slideshare.net,Polygender
Isidoro,iscuttsg5@hp.com,Genderqueer
Karita,kdenking6@ovh.net,Bigender
Rip,rmowsong7@issuu.com,Non-binary
Gusti,grawleg8@nsw.gov.au,Genderfluid
Hershel,hstainingg9@zdnet.com,Male
Gavin,garnfieldga@arizona.edu,Non-binary
Sara-ann,sfiskegb@digg.com,Female
Allix,abriiginshawgc@vkontakte.ru,Bigender
Noni,ncuestagd@google.com.br,Bigender
Chauncey,ctreagusge@hugedomains.com,Non-binary
Leonore,lchapelhowgf@rakuten.co.jp,Bigender
Glynnis,gmacongg@wikimedia.org,Genderfluid
Chan,champgh@github.com,Polygender
Arv,aentwhistlegi@google.ru,Polygender
Dermot,dlivezeygj@tripod.com,Female
Juline,jkeirlegk@paginegialle.it,Female
Martha,mgaveygl@printfriendly.com,Genderfluid
Andre,adorkengm@bloglines.com,Genderfluid
Griffin,gsomnergn@nytimes.com,Polygender
Chalmers,ccrinidgego@sphinn.com,Non-binary
Rudy,rshotboultegp@photobucket.com,Genderqueer
Norbie,nbeddowsgq@google.ru,Female
Robinette,rbondegr@japanpost.jp,Agender
Clari,cbresnahangs@disqus.com,Agender
Bettine,bjindracekgt@comcast.net,Bigender
Brice,bsicelygu@drupal.org,Agender
Carrissa,cbremmellgv@cpanel.net,Genderfluid
Cordi,cmcgeowngw@dropbox.com,Genderfluid
Krissie,kocannangx@google.it,Female
Bay,bolleygy@bloomberg.com,Agender
Janaya,jdowsongz@edublogs.org,Genderqueer
Buddie,bgostridgeh0@gravatar.com,Genderfluid
Moyra,mbeverh1@bravesites.com,Genderqueer
Antonie,aharberh2@prweb.com,Polygender
Beverly,bmugeh3@wiley.com,Male
Averil,amccalisterh4@businessweek.com,Male
Malvina,melcoath5@ocn.ne.jp,Agender
Nonna,nrunseyh6@hud.gov,Bigender
Nelli,nbussenh7@cbc.ca,Agender
Mitchael,mwydh8@berkeley.edu,Bigender
Perry,pdouganh9@usatoday.com,Polygender
Iorgo,iquanha@ask.com,Bigender
Isidro,iuwinshb@nydailynews.com,Female
Clifford,cjigginshc@rediff.com,Agender
Ludovico,lgaskillhd@mysql.com,Bigender
Shermy,smaithhe@nyu.edu,Polygender
Kin,kfairbeardhf@xrea.com,Male
Archie,acraigmilehg@indiatimes.com,Non-binary
Sofia,sattwillhh@dailymail.co.uk,Polygender
Rufe,riacobohi@google.com.br,Polygender
Fleurette,fmantramhj@usnews.com,Non-binary
Boy,bshoemarkhk@hibu.com,Agender
Lindsay,lbeddonhl@sfgate.com,Male
Gaspard,ghildrewhm@narod.ru,Male
Luce,lbarnardohn@army.mil,Bigender
Onofredo,ogouchho@theatlantic.com,Polygender
Dorris,dbelchamphp@businessinsider.com,Polygender
Brok,bhaileyhq@1und1.de,Genderqueer
Ramonda,roffellhr@bing.com,Female
Aime,aeggarhs@ucoz.ru,Genderfluid
Thornie,tsorensenht@intel.com,Polygender
Josias,jbillhu@123-reg.co.uk,Bigender
Tawsha,tdarringtonhv@zimbio.com,Polygender
Roanna,rcesshw@yahoo.com,Male
Philis,pvasselhx@zimbio.com,Female
Marnia,mfonsohy@hexun.com,Genderqueer
Helsa,hfreynehz@usgs.gov,Genderqueer
Victor,vbuddi0@blogger.com,Genderqueer
Antoine,ahuntei1@rediff.com,Genderfluid
Sonni,spressliei2@home.pl,Genderfluid
Abigael,aportigalli3@twitpic.com,Genderqueer
Maggie,mquennelli4@wikimedia.org,Male
Sari,sgheorghei5@mail.ru,Polygender
Eduino,edobsonsi6@hao123.com,Bigender
Hervey,hgrovei7@multiply.com,Genderfluid
Evin,energeri8@about.me,Bigender
Donalt,dhemerijki9@unesco.org,Genderqueer
Bastian,bdennantia@patch.com,Male
Perren,pfarnworthib@webmd.com,Agender
Olav,ofearyic@opera.com,Bigender
Amerigo,amogfordid@alibaba.com,Genderfluid
Gilberto,gpendleburyie@vinaora.com,Male
Rozella,rrosendorfif@washingtonpost.com,Female
Karalee,krawllig@hexun.com,Polygender
Frederick,frichardtih@hubpages.com,Agender
Kirby,kbroxupii@about.com,Polygender
Helaina,hgouldstrawij@blogs.com,Bigender
Brant,blostyik@w3.org,Agender
Olenolin,ofitzroyil@mapy.cz,Genderfluid
Erick,eburburoughim@blogger.com,Genderqueer
Rafi,rmctrustiein@bbb.org,Agender
Edithe,eleconteio@uiuc.edu,Bigender
Adlai,aryceip@pen.io,Genderfluid
Corney,cbalstoniq@mediafire.com,Non-binary
Reg,rmurtellir@latimes.com,Genderqueer
Arden,aspriginis@irs.gov,Genderqueer
Cornell,clittlefairit@utexas.edu,Polygender
Abbi,aandreseniu@berkeley.edu,Female
Belvia,bmaddockiv@tumblr.com,Genderfluid
Zared,zadolfsoniw@telegraph.co.uk,Polygender
Aube,afiddlerix@jigsy.com,Non-binary
Patrick,pzettoiiy@nih.gov,Genderfluid
Wolfie,wjaeggiiz@cnn.com,Male
Vance,vberthomej0@ibm.com,Non-binary
Ferdinande,fewanj1@java.com,Bigender
Rozella,rrixonj2@dot.gov,Female
Glenine,gdorganj3@spotify.com,Female
Hewitt,htwohigj4@tinypic.com,Male
Kimberley,kmidgelyj5@usda.gov,Bigender
Gonzalo,gcottyj6@skyrock.com,Polygender
Giustino,gpittfordj7@de.vu,Genderfluid
Irene,iecclesharej8@myspace.com,Polygender
Vlad,vpryellj9@e-recht24.de,Male
Inger,ibartodja@wiley.com,Bigender
Ward,wleggottjb@cmu.edu,Genderfluid
Angele,akershowjc@vk.com,Bigender
Marylee,mputlandjd@diigo.com,Female
Jacky,jgoveyje@accuweather.com,Non-binary
Jaclyn,jrysomjf@umn.edu,Female
Xever,xgraingerjg@microsoft.com,Agender
Emlen,edenialjh@booking.com,Non-binary
Sephira,smcglaudji@sciencedirect.com,Genderfluid
Sondra,swathelljj@yolasite.com,Polygender
Druci,dheatherjk@linkedin.com,Bigender
Julina,jbarnsonjl@harvard.edu,Male
Gino,gslottjm@pbs.org,Agender
Boris,bkarolyjn@ehow.com,Male
Alexandro,acalfjo@kickstarter.com,Male
Corinna,cgluyusjp@disqus.com,Polygender
Hadleigh,hbrucejq@angelfire.com,Non-binary
Demetris,dfoortjr@weather.com,Polygender
Bert,bmadisonjs@geocities.jp,Agender
Coriss,ccrepinjt@google.com.hk,Genderfluid
Thorstein,tshielju@ibm.com,Non-binary
Giacomo,gishamjv@cnet.com,Polygender
Richie,rclearsjw@gov.uk,Non-binary
Josselyn,jcastellanjx@squidoo.com,Male
Anne,asorrojy@pcworld.com,Genderqueer
Prue,pphettejz@chronoengine.com,Polygender
Ogden,otourniek0@time.com,Genderqueer
Carissa,cvenessk1@joomla.org,Genderfluid
Ann,acinellik2@photobucket.com,Bigender
Crosby,cbachmank3@technorati.com,Male
Tonya,thoysk4@umich.edu,Male
Marji,mwestbrookk5@wikimedia.org,Genderqueer
Gauthier,gtattook6@usatoday.com,Bigender
Cordy,casifk7@blogtalkradio.com,Bigender
Fernanda,farndtk8@lulu.com,Genderfluid
Bertie,bcanetek9@sakura.ne.jp,Genderfluid
Alvera,agreatedka@marriott.com,Genderqueer
Leese,lquartlykb@opensource.org,Agender
Glennie,gbaldaccokc@yahoo.com,Non-binary
Amy,adunrigekd@umn.edu,Agender
Ozzy,opetersenke@imgur.com,Polygender
Eustace,epavlatakf@reverbnation.com,Polygender
Hans,hseymarkkg@loc.gov,Male
Brucie,bshoresonkh@naver.com,Genderfluid
Shawn,spohlski@rambler.ru,Bigender
Gabbi,gcargillkj@dot.gov,Bigender
Abram,afredsonkk@joomla.org,Genderqueer
Dallis,dmcilriachkl@alexa.com,Agender
Ellwood,erootekm@wikimedia.org,Genderfluid
Hadleigh,hremerkn@businesswire.com,Agender
Archer,ahadkinsko@ezinearticles.com,Genderqueer
Thurston,tbudgekp@marketwatch.com,Genderfluid
Wendye,wpriddenkq@homestead.com,Female
Luis,lsadrykr@wikipedia.org,Female
Cinderella,cshureyks@cafepress.com,Genderfluid
Mady,mshooterkt@surveymonkey.com,Female
Anthea,acookeku@jalbum.net,Genderqueer
Elysee,eblaikkv@cloudflare.com,Male
Simone,sklemzkw@w3.org,Non-binary
Emelda,ekurdanikx@shinystat.com,Genderfluid
Giulietta,gvanyukhinky@hp.com,Male
Mikel,mbohlkz@hp.com,Male
Olive,omcclenaghanl0@parallels.com,Genderqueer
Anatola,aginnil1@pcworld.com,Non-binary
Ashla,aharmel2@tripadvisor.com,Genderfluid
Celestyna,cmaccalluml3@xrea.com,Bigender
Neron,nladburyl4@washington.edu,Bigender
Denys,dviolletl5@nih.gov,Bigender
Ardella,alanderl6@cyberchimps.com,Non-binary
Alene,atinnerl7@samsung.com,Polygender
Genia,ghaselll8@washingtonpost.com,Male
Beltran,bguiraudl9@sun.com,Non-binary
Erroll,ebattistala@merriam-webster.com,Bigender
Norris,ndeeveylb@freewebs.com,Female
Eldon,edeardslc@google.co.uk,Non-binary
Elysha,eklicheld@thetimes.co.uk,Female
Dode,dhabbonle@vk.com,Polygender
Rodolph,rdrakeleylf@phpbb.com,Male
Buiron,bbourlg@nhs.uk,Genderfluid
Delainey,dshelbournelh@wordpress.com,Genderfluid
Arni,asewleyli@technorati.com,Genderqueer
Catlin,ccarrolllj@delicious.com,Bigender
Ashlen,arozeclk@4shared.com,Female
Marina,mcannamll@webeden.co.uk,Polygender
Katheryn,kbielbylm@sphinn.com,Female
Burg,bnuzztiln@barnesandnoble.com,Genderqueer
Clarence,cfeeklo@netscape.com,Bigender
Marigold,mianinottilp@spiegel.de,Non-binary
Jimmy,jsaxbylq@google.nl,Female
Cynthia,cheinssenlr@oaic.gov.au,Non-binary
Marcia,mvogellerls@cnbc.com,Polygender
Lulita,lcolhounlt@hubpages.com,Bigender
Stacia,stullochlu@ucla.edu,Genderqueer
Ethelred,ereimerlv@chronoengine.com,Genderfluid
Selia,svesquelw@naver.com,Genderfluid
Far,fivylx@cbslocal.com,Bigender
Jessey,jmacallamly@prweb.com,Polygender
Samantha,sdaelmanlz@blinklist.com,Female
Bennie,bandersenm0@github.io,Bigender
Rowan,rbellhangerm1@shareasale.com,Non-binary
Krystyna,katwelm2@hud.gov,Male
Kaycee,kpellingm3@addthis.com,Bigender
Sherm,stroym4@seattletimes.com,Genderqueer
Karie,ktoftsm5@list-manage.com,Agender
Shayna,sdecavillem6@kickstarter.com,Agender
Neysa,nbuttressm7@cbsnews.com,Genderqueer
Maison,mpopescum8@whitehouse.gov,Genderqueer
Georgie,gcounsellm9@sfgate.com,Non-binary
Aldis,adozdillma@usa.gov,Non-binary
Erastus,ebradnickmb@about.me,Genderfluid
Myrwyn,mmatyashevmc@psu.edu,Agender
Sebastian,smcclaughlinmd@sbwire.com,Agender
Janet,jenstonme@google.es,Female
Ninnette,nebleinmf@microsoft.com,Genderfluid
Miguelita,mmacmurraymg@seesaa.net,Bigender
Lombard,lstaggemh@ycombinator.com,Genderfluid
Creighton,cbracemi@weibo.com,Female
Tonie,tirvinmj@illinois.edu,Agender
Arel,aofogertymk@unicef.org,Genderfluid
Becka,bdreganml@trellian.com,Male
Bentlee,bgowanlockmm@shop-pro.jp,Non-binary
Moreen,mbelderfieldmn@auda.org.au,Female
Erick,ejablonskimo@rambler.ru,Male
Krystalle,kkennamp@icq.com,Female
Sonnie,ssmeatonmq@si.edu,Male
Louella,lobraymr@quantcast.com,Bigender
Korrie,kleamingms@prnewswire.com,Polygender
Blinni,bcrofthwaitemt@merriam-webster.com,Genderqueer
Trumann,tkubackimu@netlog.com,Polygender
Sabrina,scornboroughmv@google.com.hk,Agender
Madelaine,mstripplingmw@unblog.fr,Genderqueer
Silvano,sgringleymx@seesaa.net,Genderfluid
Carroll,cheinmy@accuweather.com,Female
Rodi,rdmitrienkomz@techcrunch.com,Non-binary
Tomasine,tsnookn0@dagondesign.com,Genderqueer
Cori,cdibenn1@nps.gov,Bigender
Tiphanie,thansodn2@acquirethisname.com,Non-binary
Melisse,mdubarryn3@howstuffworks.com,Genderqueer
Roma,rmartinyukn4@nydailynews.com,Male
Rosaleen,rkordovan5@shinystat.com,Female
Marthe,mlidingtonn6@reddit.com,Agender
Silvan,sajsikn7@xinhuanet.com,Polygender
Farrel,fawcockn8@elpais.com,Male
Booth,bmattssonn9@nba.com,Agender
Inger,ilemerchantna@patch.com,Genderqueer
Giavani,gsearynb@123-reg.co.uk,Genderfluid
Donny,dtomkowicznc@nasa.gov,Male
Chiquia,cquibellnd@imageshack.us,Genderqueer
Tam,tthurlingne@webmd.com,Polygender
Stafani,slabannf@g.co,Non-binary
Fay,fpondeng@skype.com,Bigender
Georgianna,gwalshamnh@jigsy.com,Non-binary
Jorge,jadamecni@ezinearticles.com,Bigender
Dulcie,dfloresnj@oracle.com,Female
Shaw,skarpolnk@histats.com,Bigender
Aline,aaylmernl@slideshare.net,Polygender
Raye,rsomerlienm@go.com,Genderfluid
Mohandis,mmeneyernn@vistaprint.com,Male
Bartlett,bmackerelno@abc.net.au,Non-binary
Perl,psantostefanonp@exblog.jp,Female
Sean,sbarwisnq@chronoengine.com,Genderqueer
Darlene,djacobovitznr@bbb.org,Genderqueer
Chickie,cdumbreckns@delicious.com,Male
Hyatt,hvondrysnt@virginia.edu,Polygender
Selena,smethvennu@jigsy.com,Male
Georgie,gdelislenv@comcast.net,Genderqueer
Wolfgang,wworsfieldnw@topsy.com,Non-binary
Caprice,cgeoghegannx@hibu.com,Genderfluid
Kitty,ksibbaldny@symantec.com,Male
Lilli,ljermannz@usnews.com,Male
Maia,mtadmano0@hatena.ne.jp,Female
Davey,dpeatheyjohnso1@diigo.com,Genderfluid
Christan,cmontagueo2@lulu.com,Agender
Constantino,ctyrwhitto3@hexun.com,Male
Lyndsey,lskillingso4@shareasale.com,Agender
Reginald,rcusecko5@java.com,Non-binary
Glyn,gmartschkeo6@time.com,Bigender
Kaylil,kfreckeltono7@csmonitor.com,Genderqueer
Jeralee,jfrushero8@intel.com,Polygender
Terrill,tlintotto9@squidoo.com,Polygender
Elsinore,erosseroa@friendfeed.com,Genderqueer
Stavros,slippettob@twitpic.com,Male
Renaldo,rzanuttioc@usda.gov,Agender
Wendel,wzelakeod@cyberchimps.com,Female
Nowell,nonslowoe@biglobe.ne.jp,Female
Marchelle,mchupinof@github.io,Non-binary
Lidia,lsendallog@google.it,Polygender
Roldan,rpollicattoh@dot.gov,Bigender
Emera,esruttonoi@independent.co.uk,Bigender
Waylen,walgateoj@spotify.com,Non-binary
Doro,dseywoodok@engadget.com,Polygender
Symon,scomminsol@nytimes.com,Polygender
Julietta,jbarrottom@statcounter.com,Genderqueer
Humphrey,higoneton@tumblr.com,Agender
Byran,bcomminoo@csmonitor.com,Bigender
Blair,bbartellop@naver.com,Bigender
Shanta,sbilbrookoq@cdbaby.com,Genderqueer
Ringo,rcalcutor@aol.com,Polygender
Lauri,lemmottos@adobe.com,Genderfluid
Cobby,cvaarot@de.vu,Polygender
Nerissa,nkesbyou@oracle.com,Male
Joellen,jelwellov@ezinearticles.com,Bigender
Morgan,mgalsworthyow@jugem.jp,Genderfluid
Glynis,gsandbrookox@is.gd,Polygender
Loutitia,lloinesoy@trellian.com,Genderfluid
Lynna,lfransemaioz@nps.gov,Male
Aryn,atukesbyp0@stanford.edu,Genderfluid
Gillie,gdikesp1@mayoclinic.com,Female
Wendie,wbuyp2@google.es,Agender
Lionello,lcullinanp3@weebly.com,Female
Claresta,csinnockep4@ftc.gov,Female
Raven,rpevsnerp5@google.fr,Non-binary
Dario,dotoweyp6@economist.com,Bigender
Adrea,aflegp7@github.com,Agender
Lesya,lfarrisp8@economist.com,Genderqueer
Daveen,dlammertsp9@google.it,Agender
Dannye,dhartingtonpa@t.co,Agender
Moyra,mjacobssenpb@pbs.org,Female
Edgardo,egillattpc@51.la,Genderqueer
Abey,arissompd@pbs.org,Non-binary
Jolie,jruddickpe@theatlantic.com,Polygender
Warren,wariaspf@amazon.de,Bigender
Packston,pandriolettipg@chron.com,Non-binary
Ruby,rchellingworthph@naver.com,Agender
Serene,sconeaupi@github.com,Female
Libbie,lbonypj@usgs.gov,Bigender
Daune,dwhitebreadpk@upenn.edu,Genderqueer
Star,sculppl@alibaba.com,Non-binary
Budd,bdurrampm@dailymotion.com,Genderqueer
Llewellyn,lhattopn@opera.com,Female
Karrah,kblampeypo@digg.com,Genderqueer
Selestina,soliverpaullpp@example.com,Male
Kienan,kgricepq@nbcnews.com,Bigender
Darice,dperringtonpr@nasa.gov,Genderfluid
Celestina,cshimonips@wufoo.com,Agender
Lavinia,lkubistapt@woothemes.com,Male
Olwen,oblakeleypu@artisteer.com,Female
Heinrik,hpalfreemanpv@tamu.edu,Male
Neal,neasthopepw@cam.ac.uk,Bigender
Forbes,fwheelhousepx@spiegel.de,Female
Hyacinth,hdutchburnpy@goo.ne.jp,Agender
Allie,afreearpz@constantcontact.com,Female
Delmer,dswetmoreq0@princeton.edu,Agender
Geralda,gseverwrightq1@altervista.org,Male
Reece,rwoolnerq2@xinhuanet.com,Male
Pavla,pgrovesq3@hexun.com,Genderfluid
Vasily,vsouthouseq4@hud.gov,Genderfluid
Roy,rdanilyakq5@mozilla.org,Non-binary
Howie,hcaressq6@purevolume.com,Bigender
Emmy,eschermeq7@shutterfly.com,Bigender
Gunar,gsouthardq8@google.it,Non-binary
Melisenda,mmenguyq9@omniture.com,Genderqueer
Denice,dsisnerosqa@census.gov,Non-binary
Eudora,epettyferqb@engadget.com,Female
Cornell,csemaineqc@google.ca,Genderqueer
Hadrian,hdunsqd@mail.ru,Bigender
Burch,bgerglerqe@xing.com,Female
Craggy,cwillasqf@spiegel.de,Polygender
Rois,rdoddemeadeqg@zdnet.com,Female
Staffard,scisecqh@timesonline.co.uk,Non-binary
Martita,mmeusqi@istockphoto.com,Male
Trix,tcoppqj@tumblr.com,Agender
Alasdair,aflindallqk@edublogs.org,Genderfluid
Roxane,rgrubeql@mlb.com,Bigender
Angeli,akerridgeqm@guardian.co.uk,Bigender
Cassandra,cfitchellqn@w3.org,Female
Birdie,bamosqo@list-manage.com,Agender
Tedman,tbiasioniqp@state.tx.us,Male
Claire,cgeorgelinqq@newyorker.com,Genderqueer
Kathy,klambertiqr@blogspot.com,Non-binary
Heida,hlandersqs@stanford.edu,Genderqueer
Marcello,mneweyqt@smugmug.com,Bigender
Euphemia,ebeallqu@pinterest.com,Agender
Ana,asaraqv@goo.gl,Male
Beret,bbrecknockqw@economist.com,Genderfluid
Boony,bmacphersonqx@merriam-webster.com,Female
Elysha,eraffanqy@privacy.gov.au,Non-binary
Cathryn,cturfusqz@chronoengine.com,Genderqueer
Edin,evolonter0@dot.gov,Genderqueer
Reese,rgutersonr1@state.gov,Male
Faydra,fhartyr2@lulu.com,Bigender
Sinclair,spavittr3@uol.com.br,Polygender
Jennica,jgotmannr4@flavors.me,Genderqueer
Concettina,chaughanr5@patch.com,Polygender
Gavra,gphairr6@miibeian.gov.cn,Genderfluid
Drusilla,dwulfingerr7@wikispaces.com,Male
Rona,rjillissr8@oracle.com,Genderfluid
Nate,ncottyr9@cnet.com,Non-binary
Annice,apattlelra@bbb.org,Male
Wolf,wmatussonrb@1688.com,Polygender
Queenie,qclapsonrc@tumblr.com,Non-binary
Barny,bmccaberd@narod.ru,Non-binary
Harmon,hleserre@merriam-webster.com,Bigender
Shaw,sshowenrf@behance.net,Genderqueer
Vaughn,vvanderveldenrg@usgs.gov,Female
Ronni,rcruikshankrh@rambler.ru,Male
Britni,bdymidowiczri@desdev.cn,Agender
Stanford,sscholarrj@yahoo.co.jp,Female
Neal,njoyerk@irs.gov,Polygender
Mikaela,mkeyesrl@bizjournals.com,Genderfluid
Morgan,mmoncktonrm@parallels.com,Bigender
Marshal,mhubballrn@samsung.com,Bigender
Starr,sgrundro@upenn.edu,Female
Johnna,jlorkingrp@auda.org.au,Female
Heidi,hdodridgerq@360.cn,Genderqueer
Kelly,khaysmanrr@sun.com,Genderfluid
