Vivian,vtythe0@bravesites.com,Male
Ceil,cborrows1@intel.com,Agender
Nicol,ndampier2@homestead.com,Non-binary
Falkner,fwalak3@auda.org.au,Male
Beau,blambis4@tiny.cc,Non-binary
Euphemia,eduff5@sourceforge.net,Agender
Tammy,tberringer6@nhs.uk,Bigender
Klarika,kforcer7@yolasite.com,Male
Trumann,triply8@jiathis.com,Genderqueer
Gradey,ggirton9@techcrunch.com,Female
Jecho,jbellowsa@skype.com,Genderqueer
Griffith,gjurcab@microsoft.com,Bigender
Maxwell,mjaunceyc@statcounter.com,Bigender
Micheline,mcoldbathd@geocities.com,Agender
Gena,gkeddeye@topsy.com,Genderqueer
Georgi,glambertsonf@dailymail.co.uk,Male
Frans,fmannsg@examiner.com,Agender
Gladi,gpaddeleyh@bravesites.com,Non-binary
Cordelia,cmordei@earthlink.net,Female
Alfreda,amolianj@bloglines.com,Male
Lois,lsmowtonk@cisco.com,Genderfluid
Colin,crawlel@spiegel.de,Non-binary
Gayler,gvirgom@google.fr,Genderfluid
Hank,hmanharen@jalbum.net,Agender
Bradley,bseilero@marriott.com,Female
Letizia,lkiddp@ameblo.jp,Genderqueer
Eugene,ecurleyq@mac.com,Genderfluid
Danyelle,dpysonr@imgur.com,Genderqueer
Lorrayne,lsheltons@mapquest.com,Non-binary
Desmond,dtraylent@qq.com,Non-binary
Dreddy,dsprasonu@pbs.org,Female
Lita,lmanvellev@businessweek.com,Male
Melany,mgilliganw@wisc.edu,Genderqueer
Rebekkah,rconsterdinex@squidoo.com,Genderfluid
Joey,jtilletty@ycombinator.com,Genderfluid
Kiersten,khammantz@dmoz.org,Polygender
Samantha,sburkhill10@gravatar.com,Non-binary
Yetty,ydiboll11@myspace.com,Agender
Correna,cmanus12@pcworld.com,Genderqueer
Minne,mambrogelli13@odnoklassniki.ru,Non-binary
Brandon,bheers14@so-net.ne.jp,Agender
Conroy,cearly15@goodreads.com,Female
Pasquale,psherrock16@trellian.com,Agender
Pansie,prosone17@ucoz.com,Genderfluid
Stacy,sandres18@mayoclinic.com,Female
Charita,cleese19@bloglines.com,Polygender
Chaunce,cbedminster1a@linkedin.com,Polygender
Ike,ireddlesden1b@admin.ch,Genderfluid
Shayne,srollins1c@sbwire.com,Female
Ab,acalway1d@over-blog.com,Agender
Henri,hmackney1e@pinterest.com,Polygender
Britteny,bdeclerc1f@unicef.org,Genderfluid
Basilius,braulston1g@nasa.gov,Male
Tawsha,tgriswaite1h@newyorker.com,Non-binary
Harley,hcraigg1i@bloglovin.com,Non-binary
Rene,rclymer1j@archive.org,Genderqueer
Loralyn,lkryska1k@umich.edu,Male
Gus,gdoxey1l@devhub.com,Polygender
Rosalyn,rleeds1m@etsy.com,Polygender
Mora,mdunkerly1n@about.me,Genderfluid
Chrissy,cmacgee1o@symantec.com,Polygender
Bette,bskiplorne1p@csmonitor.com,Genderfluid
Sloan,sworpole1q@boston.com,Male
Wenonah,wnutter1r@twitpic.com,Genderqueer
Stanfield,sfairney1s@nps.gov,Agender
Ingemar,ibeat1t@dailymotion.com,Genderqueer
Bev,bvockings1u@hhs.gov,Non-binary
Paxton,pdearnly1v@symantec.com,Genderfluid
Justen,jfarndale1w@reference.com,Genderfluid
Ardra,apottery1x@shop-pro.jp,Polygender
Stillmann,splumley1y@unesco.org,Genderfluid
Nariko,nosirin1z@php.net,Non-binary
Maxwell,mstarrs20@java.com,Non-binary
Mallorie,mscard21@ask.com,Female
Hannah,hwalentynowicz22@list-manage.com,Agender
Dall,dguerreru23@nasa.gov,Non-binary
Sofia,sallpress24@vk.com,Non-binary
Martie,mscholcroft25@scribd.com,Male
Cal,crichel26@moonfruit.com,Female
Shirl,shotson27@usnews.com,Non-binary
Katinka,kgossipin28@discovery.com,Female
Hope,hsimson29@hc360.com,Polygender
Kaylyn,karchibold2a@prlog.org,Female
Dianna,dberg2b@stumbleupon.com,Bigender
Giovanna,gcreber2c@google.nl,Agender
Theodore,tkeeting2d@utexas.edu,Genderqueer
Iona,inewlan2e@samsung.com,Non-binary
Gay,gdionsetto2f@geocities.jp,Genderqueer
Elizabeth,ebellord2g@mediafire.com,Female
Ozzy,ofuxman2h@nydailynews.com,Polygender
Elijah,epuxley2i@cafepress.com,Polygender
Anni,asivorn2j@webs.com,Agender
Alister,aleverentz2k@last.fm,Non-binary
Kippie,krobard2l@jigsy.com,Genderqueer
Olga,olongwood2m@edublogs.org,Polygender
Roger,rdottrell2n@vkontakte.ru,Non-binary
Jamaal,jbrade2o@marriott.com,Non-binary
Damian,dscorah2p@spotify.com,Agender
Stormi,ssidary2q@friendfeed.com,Agender
Egor,erolls2r@apache.org,Bigender
Langsdon,lblanque2s@ucsd.edu,Genderfluid
Doralin,dgeorghiou2t@wikipedia.org,Female
Keslie,kharcase2u@home.pl,Male
Harald,hrowley2v@tamu.edu,Genderfluid
Wilow,wfahy2w@networksolutions.com,Female
Raf,rboddie2x@networkadvertising.org,Non-binary
Edith,ebellsham2y@github.com,Non-binary
Sharline,swater2z@infoseek.co.jp,Polygender
Jakie,jhandasyde30@ebay.com,Female
Grantham,gjerok31@joomla.org,Female
Holly-anne,haristide32@pen.io,Bigender
Augusta,atobin33@facebook.com,Genderqueer
Cassondra,ceastby34@hostgator.com,Female
Marje,mthormann35@tiny.cc,Polygender
Katheryn,ktoynbee36@freewebs.com,Polygender
Peggi,psackur37@youtube.com,Bigender
Ronni,rstenbridge38@cdc.gov,Male
Kristos,kgelderd39@bizjournals.com,Polygender
Tiphani,twoodcock3a@sfgate.com,Agender
Ric,rbeynkn3b@moonfruit.com,Bigender
Robinia,rchatenet3c@spiegel.de,Male
Tad,ttomini3d@1und1.de,Female
Dorisa,dinseal3e@last.fm,Male
Ogdon,ominear3f@symantec.com,Polygender
Simone,schattelaine3g@goo.ne.jp,Polygender
Jandy,jrosin3h@utexas.edu,Male
Anton,aoles3i@mail.ru,Polygender
Holmes,hgrigoire3j@mediafire.com,Genderqueer
Ahmed,avonoertzen3k@woothemes.com,Male
Myrlene,mwaith3l@g.co,Genderqueer
Finley,fheymann3m@slate.com,Bigender
Davidde,dziemecki3n@free.fr,Female
Immanuel,isleightholm3o@acquirethisname.com,Agender
Debor,dshrieve3p@indiatimes.com,Polygender
Jenda,jirdale3q@gnu.org,Polygender
Saloma,swestwater3r@storify.com,Female
Umberto,ufearnside3s@delicious.com,Female
Benjy,bnesterov3t@topsy.com,Female
Lyndy,lmansbridge3u@usatoday.com,Genderqueer
Annissa,atomson3v@slashdot.org,Female
Virge,vpapworth3w@cdbaby.com,Female
Lillis,lpusey3x@toplist.cz,Polygender
Rosanna,rgosse3y@uiuc.edu,Genderfluid
Donal,dwearn3z@tiny.cc,Genderfluid
Joan,jcasella40@uiuc.edu,Genderfluid
Georgeta,gtreble41@sitemeter.com,Bigender
Vonny,vvousden42@cisco.com,Agender
Raychel,rradnage43@wsj.com,Genderqueer
Sheelah,sarmfield44@barnesandnoble.com,Agender
Malia,mpaula45@walmart.com,Non-binary
Berkly,bchiplen46@oracle.com,Agender
Abbie,aantliff47@163.com,Agender
Kingston,kghilardini48@squarespace.com,Bigender
Kim,khanks49@macromedia.com,Genderfluid
Melisandra,mbarrack4a@psu.edu,Male
Hulda,hlyne4b@wikipedia.org,Non-binary
Pierson,ptwentyman4c@tamu.edu,Genderqueer
Abbott,akrzyzaniak4d@newyorker.com,Bigender
Aurlie,aschonfelder4e@upenn.edu,Non-binary
Kikelia,keasman4f@imageshack.us,Agender
Craig,cbonhome4g@naver.com,Genderfluid
Ganny,gmellor4h@over-blog.com,Polygender
Yasmin,yhannaway4i@amazon.co.uk,Genderfluid
Dixie,dpreist4j@webeden.co.uk,Genderqueer
Gisella,ghallowes4k@goo.ne.jp,Genderfluid
Dode,dcolquhoun4l@last.fm,Genderqueer
Chaddie,cbastiman4m@goodreads.com,Female
Berna,bmcrory4n@pen.io,Genderqueer
Jerome,jsnelle4o@rambler.ru,Non-binary
Inger,istening4p@independent.co.uk,Non-binary
Cherice,cborles4q@cisco.com,Male
Lyn,lparry4r@java.com,Male
Gus,gminer4s@google.ru,Genderqueer
Gennifer,gbernardelli4t@tripadvisor.com,Polygender
Lucie,lcory4u@spotify.com,Male
Huey,hkondratovich4v@cbslocal.com,Non-binary
Jennie,jgoaks4w@examiner.com,Genderqueer
Tomasine,ttournay4x@opera.com,Genderfluid
Mirilla,mshall4y@state.gov,Male
Aurora,aainge4z@pcworld.com,Female
Genovera,gmccomas50@livejournal.com,Male
Guss,gortelt51@alibaba.com,Bigender
Gideon,gsuermeiers52@mac.com,Bigender
Florina,fellerby53@usatoday.com,Non-binary
Alfonso,atubble54@examiner.com,Genderqueer
Bevin,brangall55@google.es,Bigender
Kory,kchelnam56@comcast.net,Non-binary
Lindsey,ljackman57@etsy.com,Polygender
Alfi,adalgleish58@jiathis.com,Polygender
Colby,cverlinde59@globo.com,Genderqueer
Dena,daxston5a@studiopress.com,Non-binary
Ardeen,aible5b@blogspot.com,Genderqueer
Hi,hlahiff5c@arstechnica.com,Genderqueer
Dare,dklement5d@twitter.com,Male
Jorie,jtrevains5e@blogtalkradio.com,Polygender
Vachel,vvarah5f@hostgator.com,Genderqueer
Nonnah,nranfield5g@aol.com,Male
Krystal,kbeart5h@reverbnation.com,Agender
Ermina,eballeine5i@businessinsider.com,Polygender
Hieronymus,hattiwill5j@noaa.gov,Male
Silvester,sdemicoli5k@psu.edu,Non-binary
Annalee,aforbes5l@symantec.com,Female
Mikey,mwilflinger5m@issuu.com,Male
Seward,sgrishanin5n@vk.com,Non-binary
Don,dprahm5o@wordpress.org,Polygender
Neville,ndenekamp5p@tinypic.com,Non-binary
Tedd,tsanchis5q@moonfruit.com,Polygender
Che,cludwikiewicz5r@smugmug.com,Male
Flinn,fsterland5s@epa.gov,Bigender
Sayre,sgye5t@booking.com,Genderfluid
Corrianne,cenrique5u@flavors.me,Male
Eugenia,emeegan5v@skype.com,Agender
Faustina,fgianetti5w@shareasale.com,Polygender
Amble,amcewen5x@liveinternet.ru,Bigender
Shanda,ssainsburybrown5y@rediff.com,Genderfluid
Olwen,oadams5z@paypal.com,Non-binary
Jackie,jkeford60@yolasite.com,Bigender
Artemis,astruys61@soup.io,Non-binary
Culver,cbarthrup62@netscape.com,Agender
Claribel,cscrowton63@jalbum.net,Non-binary
Elva,ecrowley64@123-reg.co.uk,Female
Maurizia,mpetracchi65@va.gov,Non-binary
Pascale,pbenge66@uol.com.br,Agender
Patrice,pmcdowall67@cocolog-nifty.com,Genderfluid
Sascha,sbarkworth68@baidu.com,Polygender
Bjorn,bdunning69@devhub.com,Polygender
Martie,maldrin6a@over-blog.com,Agender
Edy,eyorke6b@123-reg.co.uk,Male
Garek,gsancias6c@technorati.com,Polygender
Sanson,srupke6d@webnode.com,Polygender
Lexi,lbaudino6e@princeton.edu,Agender
Arabele,aechlin6f@nsw.gov.au,Male
Consolata,ckite6g@illinois.edu,Male
Rozalie,rogeneay6h@wp.com,Genderfluid
Meade,mlemarie6i@feedburner.com,Agender
Kakalina,kundrill6j@mozilla.com,Genderfluid
Lothario,lfranssen6k@mapy.cz,Agender
Wadsworth,wberrie6l@jalbum.net,Male
Rozanna,rsings6m@msn.com,Polygender
Norbie,nholtham6n@a8.net,Non-binary
Wanda,wloadman6o@pcworld.com,Male
Antony,apreuvost6p@ustream.tv,Female
Rainer,rdutch6q@bbc.co.uk,Bigender
Alberik,aparadise6r@paginegialle.it,Polygender
Joly,jlarvin6s@aboutads.info,Male
Del,dhaward6t@npr.org,Agender
Cornelia,ccathro6u@hhs.gov,Polygender
Tremain,tlamplugh6v@nationalgeographic.com,Female
Karyn,kjudd6w@meetup.com,Bigender
Salvatore,sbaudinelli6x@bbc.co.uk,Agender
Giustino,gcapitano6y@cbslocal.com,Female
Evanne,efludgate6z@netlog.com,Bigender
Charmain,cgrzes70@amazonaws.com,Female
Emelia,emunby71@upenn.edu,Genderfluid
Kipper,kreadshaw72@abc.net.au,Female
Jeremiah,jbilam73@state.tx.us,Polygender
Cristy,cmuzzollo74@yelp.com,Female
Kimball,kturbitt75@canalblog.com,Male
Bridgette,bkays76@seattletimes.com,Genderqueer
Oralie,obudgey77@godaddy.com,Male
Raphael,rohanlon78@usda.gov,Bigender
Susann,sbladesmith79@tripod.com,Male
Hallsy,hleist7a@blogger.com,Bigender
Torie,tcleeves7b@hugedomains.com,Female
Winn,whartmann7c@issuu.com,Polygender
Valeria,velcom7d@flavors.me,Male
Regine,rseale7e@google.cn,Polygender
Sibel,spettis7f@chicagotribune.com,Genderqueer
Cheston,cbonaire7g@timesonline.co.uk,Female
Fanechka,fledgeway7h@vk.com,Non-binary
Thaddeus,tmiddleweek7i@flavors.me,Non-binary
Pauli,pmcileen7j@youtu.be,Genderqueer
Shep,sbrader7k@state.gov,Polygender
Booth,blittlecote7l@meetup.com,Non-binary
Winne,wsmither7m@shutterfly.com,Agender
Zared,zshakspeare7n@vk.com,Genderfluid
Omero,owedgwood7o@goodreads.com,Genderqueer
Bud,bstock7p@dailymotion.com,Male
Stillman,sminchin7q@e-recht24.de,Non-binary
Henry,hbrimilcome7r@prweb.com,Non-binary
Bryon,bgalfour7s@hhs.gov,Agender
Harriet,hfonzone7t@addthis.com,Bigender
Stoddard,sdarville7u@reverbnation.com,Genderfluid
Danie,dhawkin7v@addthis.com,Agender
Carrol,croskelly7w@facebook.com,Female
Ferris,fprosch7x@google.ca,Non-binary
Shandy,severil7y@nba.com,Genderfluid
Giovanna,gkahane7z@chron.com,Genderqueer
Brunhilda,btoolin80@washington.edu,Genderfluid
Ingunna,idrummond81@usatoday.com,Genderfluid
Engelbert,eandriulis82@senate.gov,Male
Priscella,pjochanany83@omniture.com,Genderqueer
Etta,egobolos84@constantcontact.com,Non-binary
Athena,aanstie85@livejournal.com,Non-binary
Vance,varndtsen86@addthis.com,Genderfluid
Adrianna,aabrahami87@spotify.com,Genderqueer
Brandea,bhalfhide88@flavors.me,Polygender
Kym,kankrett89@163.com,Agender
Cathrin,cextance8a@joomla.org,Agender
Jammal,jpeaple8b@odnoklassniki.ru,Genderqueer
Hilliard,hoduane8c@baidu.com,Genderqueer
Weider,wrushford8d@topsy.com,Female
Emmy,ealvey8e@jalbum.net,Non-binary
Marline,mmccowan8f@samsung.com,Agender
Lorain,liveagh8g@google.it,Genderfluid
Marna,mcourteney8h@huffingtonpost.com,Genderfluid
Marshall,mcanadine8i@twitpic.com,Female
Ethelbert,ecollumbell8j@accuweather.com,Genderqueer
Dino,dsibbit8k@washington.edu,Male
Rudyard,rcopcutt8l@phoca.cz,Male
Celestia,cralphs8m@wiley.com,Female
Florence,flazonby8n@cnbc.com,Genderfluid
Patrice,pstutter8o@hugedomains.com,Non-binary
Jackson,jhaig8p@php.net,Non-binary
Chan,cdeevey8q@hatena.ne.jp,Polygender
Pace,phigbin8r@shareasale.com,Female
Sascha,sbrearley8s@smh.com.au,Female
Ranna,rtruran8t@earthlink.net,Genderfluid
Cosimo,cbertomieu8u@zimbio.com,Polygender
Nita,nfordham8v@cafepress.com,Genderfluid
Lacy,lmccalister8w@amazon.de,Genderfluid
Cristin,cbreissan8x@theguardian.com,Genderqueer
Fletch,fhackinge8y@spiegel.de,Genderfluid
Ronnica,rlarver8z@themeforest.net,Female
Twila,tkoppen90@booking.com,Genderqueer
Jonathon,jspurman91@sina.com.cn,Agender
Jody,jmatisoff92@arstechnica.com,Female
Karlee,kgoalby93@ovh.net,Polygender
Josiah,jsaw94@sourceforge.net,Agender
Claretta,cfellman95@skype.com,Male
Camilla,cnayer96@hibu.com,Female
Byran,bcasine97@psu.edu,Bigender
Yul,ychatenet98@cornell.edu,Polygender
Carmencita,clangcaster99@sohu.com,Polygender
Hetty,hmattinson9a@shop-pro.jp,Genderqueer
Bradford,bdjorevic9b@google.it,Polygender
Malinda,mhughes9c@youku.com,Female
Ollie,ochanning9d@businessinsider.com,Female
Nico,ngaunter9e@163.com,Male
Ashby,apragnall9f@abc.net.au,Agender
Carri,cplews9g@cnet.com,Non-binary
Arlene,adugue9h@wikia.com,Bigender
Vivian,vcordero9i@goodreads.com,Polygender
Alysa,akybbye9j@irs.gov,Bigender
Ondrea,osweynson9k@hao123.com,Male
Nan,nbleas9l@buzzfeed.com,Female
Erhard,epetschelt9m@live.com,Female
Julissa,jyesinov9n@auda.org.au,Bigender
Lise,lfrenchum9o@webnode.com,Male
Lorenzo,lpedley9p@e-recht24.de,Female
Florina,fheffy9q@tripod.com,Genderqueer
Beryl,bhammerich9r@java.com,Male
Ketty,kstarmer9s@usnews.com,Genderfluid
Emerson,eauguste9t@altervista.org,Genderqueer
Stafani,sattrill9u@wikipedia.org,Genderqueer
Athene,agater9v@joomla.org,Non-binary
Madlen,mautin9w@yolasite.com,Genderfluid
Purcell,pflisher9x@chicagotribune.com,Polygender
Arabelle,aluchetti9y@smh.com.au,Non-binary
Clarita,crivitt9z@clickbank.net,Female
Sabine,scherma0@senate.gov,Polygender
Marven,mshakespeara1@altervista.org,Male
Emyle,eleyshona2@studiopress.com,Genderqueer
Westleigh,waddinalla3@bizjournals.com,Genderqueer
Maura,mbevena4@nba.com,Non-binary
Grete,gletteresea5@yale.edu,Male
Robbie,rwinslowa6@smh.com.au,Male
Emanuele,esellorsa7@hhs.gov,Genderfluid
Ferdinand,fmityushkina8@disqus.com,Genderqueer
Shir,sstimpsona9@ox.ac.uk,Bigender
Felisha,fharbisonaa@nature.com,Female
Aurthur,acoldtartab@hhs.gov,Polygender
Erina,esanhamac@php.net,Non-binary
Phillip,pboggisad@amazonaws.com,Polygender
Ferdinande,ftownsonae@europa.eu,Genderqueer
Ibrahim,iedlestonaf@google.cn,Non-binary
Hubey,hbowderyag@goodreads.com,Agender
Britteny,bscouseah@youtube.com,Female
Emelia,eprestonai@cbsnews.com,Genderqueer
Haley,hstuffinsaj@ft.com,Male
Keane,krosensaftak@cargocollective.com,Genderqueer
Rosabelle,rspencockal@woothemes.com,Bigender
Gerri,gumplebyam@tinypic.com,Non-binary
Hube,hteazean@taobao.com,Genderfluid
Web,wpeasbyao@ocn.ne.jp,Female
Duff,droisap@comsenz.com,Agender
Nelly,nsutcliffeaq@howstuffworks.com,Agender
Yehudi,ycouchear@ucsd.edu,Bigender
Karlene,kwillavizeas@wordpress.org,Agender
Dix,dwoffindenat@indiegogo.com,Genderqueer
Elfie,elangeleyau@clickbank.net,Bigender
Pattin,pblackboroav@fema.gov,Genderfluid
Gordy,ggilbaneaw@chicagotribune.com,Non-binary
Earle,egaspardax@facebook.com,Male
Lorry,lgainsboroughay@sohu.com,Bigender
Modesty,mdaryaz@weather.com,Female
Nobie,nconichieb0@scientificamerican.com,Genderfluid
Katherina,kibbesonb1@hugedomains.com,Genderqueer
Murray,mraikesb2@cmu.edu,Non-binary
Fredrika,fsykorab3@parallels.com,Polygender
Fawnia,ffenichb4@51.la,Male
Silvain,sspeedyb5@unesco.org,Female
Hollie,hwittkeb6@archive.org,Female
Hinda,hcallicottb7@booking.com,Polygender
Gwenora,gcheelb8@howstuffworks.com,Male
Charla,csantenb9@etsy.com,Genderfluid
Aurilia,aphilippba@naver.com,Genderqueer
Conrado,cmacuchadairbb@infoseek.co.jp,Female
Krystal,kvanderhoevenbc@storify.com,Polygender
Steven,sthravesbd@xinhuanet.com,Genderfluid
Slade,stennisonbe@eventbrite.com,Polygender
Kenneth,kdockwrabf@weebly.com,Polygender
Constantino,cterbruggebg@craigslist.org,Non-binary
Conchita,cdavybh@noaa.gov,Male
Reine,radlingtonbi@webs.com,Male
Walker,wslocombebj@wikimedia.org,Non-binary
Miner,mkellardbk@liveinternet.ru,Genderqueer
Isak,iaxelbeebl@usa.gov,Male
Bebe,bedserbm@odnoklassniki.ru,Male
Raddy,rworsombn@booking.com,Non-binary
Brantley,bpelosibo@guardian.co.uk,Male
Ariana,atuddallbp@issuu.com,Genderqueer
Loni,lhannabybq@networkadvertising.org,Polygender
Sheela,sdanilchevbr@sciencedaily.com,Female
Emmett,ehaylandbs@earthlink.net,Male
Margi,mreynoolldsbt@un.org,Non-binary
Tiphany,tworrallbu@stumbleupon.com,Polygender
Pia,ppattiebv@berkeley.edu,Non-binary
Tarrah,ttunkinbw@accuweather.com,Male
Joanna,jjostbx@deliciousdays.com,Male
Kizzie,kaylenby@youtu.be,Agender
Cullan,crobensbz@netscape.com,Female
Mada,mpharoahc0@ucsd.edu,Agender
Cassie,cwattsc1@shinystat.com,Male
Brennan,bbaudec2@ox.ac.uk,Non-binary
Alic,amackeec3@craigslist.org,Male
Orion,ocranstonec4@dailymotion.com,Agender
Federica,fjaouenc5@arstechnica.com,Bigender
Emlynn,etrickerc6@joomla.org,Male
Verne,vmilnerc7@seattletimes.com,Polygender
Smitty,sdownerc8@cloudflare.com,Non-binary
Broderic,btackc9@163.com,Non-binary
Vasily,vmcgrowtherca@homestead.com,Bigender
Brandon,bgergercb@zdnet.com,Bigender
Leighton,llinceycc@phoca.cz,Male
Bearnard,beakecd@bloomberg.com,Genderfluid
Bria,bgoodrickece@webs.com,Bigender
Joyce,jmalpasscf@people.com.cn,Bigender
Ervin,etrettercg@csmonitor.com,Genderqueer
Robinet,rferreach@friendfeed.com,Genderfluid
Sibbie,shensmansci@cbc.ca,Female
Micheil,mwardleycj@domainmarket.com,Genderfluid
Idalia,ichecklinck@huffingtonpost.com,Agender
Vivianne,vzelakecl@slashdot.org,Agender
Rosene,rrudhamcm@weebly.com,Agender
Tammi,tbricknellcn@mlb.com,Genderqueer
Jan,jvanvuurenco@google.es,Genderfluid
Torrie,tfoucardcp@163.com,Agender
Tailor,tlegricecq@icq.com,Genderfluid
Abby,awalchercr@sakura.ne.jp,Genderfluid
Cherida,cdomelcs@cbslocal.com,Bigender
Aldwin,acrowcumct@archive.org,Female
Rianon,rgrimsdikecu@irs.gov,Non-binary
Madonna,msilvertoncv@hubpages.com,Non-binary
Clara,ctoplisscw@whitehouse.gov,Polygender
Dale,dadamcx@aboutads.info,Female
Drusie,dchoakcy@4shared.com,Bigender
Channa,cmatescz@mit.edu,Female
Panchito,polearyd0@mtv.com,Non-binary
Wandis,wdanilovicd1@soundcloud.com,Genderfluid
Mari,mcosensd2@imageshack.us,Bigender
Klarrisa,konraetd3@cyberchimps.com,Male
Anne,aabbetd4@hhs.gov,Male
Del,dmariotted5@jalbum.net,Male
Iolande,ifowlestoned6@marketwatch.com,Bigender
Nissie,nmoncurd7@squarespace.com,Male
Sebastiano,smckeneyd8@bloglovin.com,Male
Goldina,gmushetd9@blog.com,Male
Lexi,lmallabundda@ameblo.jp,Male
Christiano,cmcvitiedb@geocities.jp,Male
Shermy,sdavidwitzdc@taobao.com,Bigender
Randal,rgallarddd@elegantthemes.com,Genderfluid
Timofei,tzanicchellide@about.me,Genderfluid
Kyla,kpagelsendf@networkadvertising.org,Male
Leela,lgorgesdg@privacy.gov.au,Female
Alisha,afranciscodh@hubpages.com,Genderqueer
Grace,gcorroyerdi@elpais.com,Genderfluid
Lemmy,lbankesdj@wisc.edu,Non-binary
D'arcy,dchaulkdk@ocn.ne.jp,Genderqueer
Lee,ladamsondl@hibu.com,Bigender
Nicoli,nwahnckedm@mapquest.com,Genderqueer
Ted,tlistdn@yandex.ru,Genderqueer
Annadiana,astiddarddo@stanford.edu,Genderfluid
Jasmine,jhapsdp@google.com.au,Non-binary
Leonora,levansdq@nydailynews.com,Non-binary
Maddie,mchurchwarddr@surveymonkey.com,Non-binary
Alfie,amauriceds@hugedomains.com,Non-binary
Mae,msantorinidt@gov.uk,Male
Loella,lfeaversdu@usda.gov,Polygender
Ken,kstreetendv@amazon.co.jp,Non-binary
Addy,alynettdw@devhub.com,Genderfluid
Lotti,lkeeleydx@about.com,Genderfluid
Fina,fbuncherdy@fda.gov,Agender
Hetty,hdaledz@technorati.com,Agender
Zonnya,zcauderliee0@who.int,Genderfluid
Ilene,ipietzkere1@jiathis.com,Male
Mariellen,mbricklebanke2@devhub.com,Agender
Godfrey,gswateridgee3@disqus.com,Genderqueer
Benoite,braffone4@webmd.com,Genderfluid
Wake,wbraunee5@guardian.co.uk,Polygender
Clementius,cpattendene6@nbcnews.com,Genderqueer
Jana,jjocklee7@flickr.com,Agender
Rayna,rwhykee8@theglobeandmail.com,Bigender
Patrice,pkenrate9@shareasale.com,Genderqueer
Viviyan,vhardistryea@paypal.com,Bigender
Riccardo,rflockharteb@cbsnews.com,Agender
Erny,eticknerec@gravatar.com,Male
Edwina,emccurdyed@dot.gov,Male
Gregor,gcohree@netlog.com,Genderqueer
Darbie,dfairleyef@quantcast.com,Male
Aline,abroxtoneg@themeforest.net,Agender
Alaine,amacnameeeh@nbcnews.com,Non-binary
Kim,kdinjesei@linkedin.com,Genderqueer
Zak,zwheelhouseej@altervista.org,Male
Rod,rfrigoutek@sciencedaily.com,Bigender
Ivette,ispratlingel@histats.com,Genderqueer
Claudius,cdruhanem@goo.gl,Agender
Dyna,dsambroken@icio.us,Agender
Rodrigo,roberteo@newyorker.com,Genderqueer
Koren,kbeckinsallep@free.fr,Female
Marnie,mgregerseneq@census.gov,Bigender
Jo-anne,jstraffoner@goo.ne.jp,Bigender
Nathanil,neassebyes@t-online.de,Non-binary
Johnny,jmarsyet@rakuten.co.jp,Agender
Wilbur,wvasilkoveu@histats.com,Female
Reginauld,rkynvinev@cbslocal.com,Agender
Joey,jgallearew@shareasale.com,Polygender
Bert,blabadiniex@google.fr,Non-binary
Lurleen,lfrizzelley@tripadvisor.com,Male
Taryn,tcaselliez@webeden.co.uk,Non-binary
Noemi,nmelanf0@yahoo.com,Agender
Tandie,treddickf1@state.tx.us,Polygender
Twyla,tmaronf2@purevolume.com,Genderqueer
Shepperd,sbarribalf3@hatena.ne.jp,Female
Petronille,pbertheletf4@ovh.net,Polygender
Doralin,ddunrigef5@digg.com,Agender
Marty,mkwietakf6@yolasite.com,Polygender
Tony,tlinggardf7@arstechnica.com,Female
Lon,lsterref8@nhs.uk,Genderfluid
Klement,kbaudinof9@buzzfeed.com,Genderfluid
Janean,jyuillfa@dropbox.com,Female
Ingelbert,itibbottsfb@ustream.tv,Non-binary
Sylvia,sseigniorfc@ed.gov,Genderfluid
Raphaela,rfridlingtonfd@omniture.com,Bigender
Elfrieda,esaulterfe@shareasale.com,Non-binary
Cheslie,cwattff@merriam-webster.com,Genderqueer
Freeman,ftanguyfg@tamu.edu,Male
Ringo,roshevlinfh@msn.com,Male
Tammie,ttallisfi@gmpg.org,Male
Rudyard,riacopofj@bravesites.com,Genderqueer
Derrik,dzanicchellifk@reverbnation.com,Female
Wilek,wjobefl@nps.gov,Genderfluid
Melisa,mkimmittfm@quantcast.com,Polygender
Isidore,isacksfn@edublogs.org,Bigender
Barty,bkennawayfo@liveinternet.ru,Genderfluid
Sky,snottfp@noaa.gov,Polygender
Clemente,cgraysmarkfq@cbsnews.com,Bigender
Sophronia,swakelamfr@fastcompany.com,Male
Cariotta,ckerfutfs@wunderground.com,Agender
Tarah,tskeechft@goo.ne.jp,Bigender
Inga,ikrahlfu@chronoengine.com,Agender
Pip,pbraidmanfv@quantcast.com,Agender
Odelle,okachfw@usnews.com,Non-binary
Renelle,rmacellarfx@prweb.com,Genderfluid
Sansone,sdaunterfy@slate.com,Bigender
Pinchas,pkemsterfz@etsy.com,Agender
Kelley,kpatesg0@bigcartel.com,Non-binary
Tamiko,tjanoschekg1@privacy.gov.au,Agender
Callida,csimantsg2@howstuffworks.com,Male
Ruttger,rhaddingtong3@sina.com.cn,Male
Jory,jstemsong4@g.co,Female
Meade,mgladdolphg5@furl.net,Genderqueer
Moreen,mronchig6@hubpages.com,Female
Jobina,jfrancescucciog7@unesco.org,Genderfluid
Carling,cklimpg8@hc360.com,Genderfluid
Lira,lwoollerg9@dagondesign.com,Genderqueer
Wade,wsimchenkoga@blinklist.com,Agender
Zeke,zbenechgb@hugedomains.com,Non-binary
Immanuel,imclemongc@prweb.com,Bigender
Krystal,kwilkinsongd@smh.com.au,Genderfluid
Augusta,aknappge@deviantart.com,Non-binary
Alexine,achaldergf@wikia.com,Agender
Cathlene,cmeadergg@latimes.com,Female
Karola,khildredgh@yahoo.co.jp,Genderfluid
Fergus,fmacconachygi@storify.com,Bigender
Laura,lmorotgj@chronoengine.com,Agender
Amos,amcareegk@xinhuanet.com,Male
Garland,gmollengl@blogs.com,Genderfluid
Amil,afranchionigm@princeton.edu,Non-binary
Clint,crobertellign@java.com,Genderfluid
Casper,cnuzzigo@boston.com,Non-binary
Aland,arobertetgp@taobao.com,Genderqueer
Betta,bwintergq@taobao.com,Genderfluid
Ros,rmewhagr@cdc.gov,Male
Augustus,awoodleygs@amazon.co.jp,Non-binary
Kermit,kzavattierogt@ucoz.ru,Genderfluid
Phillida,prussegu@indiatimes.com,Bigender
Ketti,kscrowbygv@examiner.com,Genderfluid
Noella,nwalbrookgw@scientificamerican.com,Bigender
Sheff,streasadengx@businessweek.com,Agender
Alissa,atinnergy@rambler.ru,Non-binary
Marabel,mclutterbuckgz@mit.edu,Genderfluid
Lorain,lclouteh0@foxnews.com,Non-binary
Jilly,jroskamsh1@miitbeian.gov.cn,Female
Samantha,smistryh2@umn.edu,Bigender
Tarra,tmitchesonh3@flavors.me,Male
Lorita,lwyburnh4@hatena.ne.jp,Male
Shel,sstruijsh5@over-blog.com,Genderqueer
Allen,amansourh6@phpbb.com,Non-binary
Gardy,gparisoh7@globo.com,Non-binary
Olivier,oingledewh8@squarespace.com,Female
Enrica,egheraldih9@biblegateway.com,Polygender
Lynnet,lspeirha@sphinn.com,Female
Shirline,stalehb@alibaba.com,Non-binary
Delcina,dtinkerhc@dailymotion.com,Female
Eugene,evennyhd@etsy.com,Bigender
Stern,smacelanehe@mtv.com,Genderqueer
Minny,mbrewershf@wired.com,Female
Janaya,jmckiehg@infoseek.co.jp,Female
Marji,mmouldhh@sfgate.com,Agender
Amby,achapehi@yandex.ru,Genderqueer
Ted,treedyhoughhj@multiply.com,Agender
Jerad,jgilbearthk@creativecommons.org,Polygender
Cinderella,cverrillohl@home.pl,Polygender
Hewett,hfolliotthm@census.gov,Polygender
Devland,dparsleyhn@wikispaces.com,Female
Jerri,jpearnho@google.es,Female
Garik,gedmandshp@live.com,Male
Rosalind,rgreyeshq@google.com.au,Male
Elmore,etailourhr@google.fr,Genderqueer
Phyllys,psheadhs@comcast.net,Non-binary
Sherline,sruggierht@blogtalkradio.com,Male
Ophelie,ojentonhu@yahoo.com,Female
Daisy,dmancehv@mlb.com,Non-binary
Harper,hnizethw@cnn.com,Genderfluid
Flory,fhakeworthhx@yolasite.com,Male
Pincus,pprowtinghy@acquirethisname.com,Genderfluid
Sela,sstannislawskihz@bluehost.com,Male
Dusty,dnerhenyi0@slate.com,Non-binary
Matty,mronchii1@pen.io,Female
Shane,ssenyardi2@discovery.com,Genderfluid
Farrel,foreillyi3@paypal.com,Non-binary
Ethelind,efearesi4@amazon.de,Male
Benny,bcarseyi5@soup.io,Male
Toma,tcalveni6@github.io,Non-binary
Esdras,emcquirteri7@youtu.be,Non-binary
Craggie,ckerneri8@google.com.br,Bigender
Ashlee,aropkinsi9@noaa.gov,Agender
Eduard,epoulsenia@angelfire.com,Non-binary
Grazia,gmaillardib@google.cn,Agender
Christyna,cdillandic@adobe.com,Non-binary
Derrick,ddumbrallid@utexas.edu,Male
Drake,dtyresie@4shared.com,Bigender
Regine,rsehorschif@cam.ac.uk,Female
Desi,dhorlickig@photobucket.com,Genderqueer
Zed,zandrzejakih@wunderground.com,Genderqueer
Leigh,lfogartyii@i2i.jp,Agender
Mora,mashworthij@dedecms.com,Genderfluid
Carmencita,chaskellik@cloudflare.com,Bigender
Erin,emccarrellil@lycos.com,Male
Jerad,jrapinim@jiathis.com,Agender
Donnell,dburdyttin@simplemachines.org,Female
Sharline,scleworthio@pcworld.com,Polygender
Nettie,nmiroyip@jugem.jp,Genderqueer
Selig,sguideraiq@netlog.com,Agender
Zarla,zleakir@bloomberg.com,Non-binary
Maury,mchiecois@devhub.com,Genderfluid
Georgianna,gzanazziit@chronoengine.com,Agender
Dagmar,dbulteriu@oakley.com,Male
Federico,fshulveriv@vistaprint.com,Non-binary
Heidi,hbonnavantiw@oakley.com,Non-binary
Cortney,cvendittoix@ehow.com,Male
Gustie,gloxstoniy@tinyurl.com,Agender
Janine,jfosdykeiz@va.gov,Female
Sybila,shodgetsj0@a8.net,Bigender
Adelina,asinisburyj1@tumblr.com,Genderfluid
Corrianne,csailej2@ted.com,Agender
Stan,selphinstonej3@bizjournals.com,Agender
Ewell,ecookesj4@networksolutions.com,Male
Jud,jmuehlerj5@hatena.ne.jp,Non-binary
Adler,awartnabyj6@ifeng.com,Polygender
Flore,fkullj7@independent.co.uk,Polygender
Cy,camysj8@usatoday.com,Female
Portia,ptubbsj9@apple.com,Genderqueer
Jory,jsellenja@arizona.edu,Male
Elysia,egalifordjb@domainmarket.com,Genderfluid
Lavinia,lthickensjc@google.co.jp,Female
Clary,cschottlijd@mlb.com,Genderqueer
Giacinta,gfulstowje@alibaba.com,Genderqueer
Nance,nrozzelljf@google.it,Polygender
Daffie,dgriffithejg@home.pl,Agender
Alissa,agrishukhinjh@wiley.com,Male
Hadleigh,hguinessji@vk.com,Male
Gaelan,gfeyerjj@123-reg.co.uk,Agender
Vinson,vscarisbrickjk@sfgate.com,Female
Westley,wcantojl@trellian.com,Genderfluid
Clevey,cbennisonjm@hao123.com,Genderqueer
Kingsly,kcockerilljn@dedecms.com,Male
Keefe,ksackeyjo@acquirethisname.com,Bigender
Jacques,jkelwickjp@amazonaws.com,Genderqueer
Emanuel,egansbuhlerjq@samsung.com,Genderfluid
Chanda,catwoodjr@liveinternet.ru,Polygender
Coral,cfancuttjs@fotki.com,Polygender
Cortney,ccroserjt@unblog.fr,Agender
Gavrielle,glaingeju@aol.com,Genderqueer
Kameko,knovilljv@mapy.cz,Genderqueer
Joey,jbluckjw@google.ca,Agender
Bonny,bhallowayjx@cisco.com,Non-binary
Hester,hespadatejy@tripadvisor.com,Genderqueer
Nicoli,nmilmorejz@businesswire.com,Female
Alla,asteelek0@sciencedaily.com,Non-binary
Luciano,lbagnallk1@goodreads.com,Polygender
Nadine,nrennlesk2@tinyurl.com,Genderfluid
Kelley,kspadak3@weebly.com,Female
Cleavland,cbuncherk4@icio.us,Female
Aurlie,aclouterk5@earthlink.net,Polygender
Misha,mdoodk6@fotki.com,Genderqueer
Jordan,jhendricksonk7@nytimes.com,Male
Minnnie,mpoatk8@opera.com,Genderqueer
Hortense,hsambeckk9@t.co,Polygender
Burnaby,bperuttoka@intel.com,Bigender
Agneta,adonkb@blinklist.com,Genderqueer
Griffin,gchalicekc@networksolutions.com,Genderfluid
Kent,kbullmankd@adobe.com,Non-binary
Dasya,dhirtzmannke@cnbc.com,Female
Wanids,wclacsonkf@sciencedirect.com,Agender
Halie,hbusswellkg@senate.gov,Genderqueer
Egon,espinigekh@imageshack.us,Bigender
Feodor,fhanrettyki@stumbleupon.com,Female
Ann-marie,acaesmankj@flickr.com,Female
Gawain,gbleadenkk@istockphoto.com,Non-binary
Waldemar,wswainekl@goodreads.com,Non-binary
Jilly,jburburykm@tripod.com,Male
Uri,upreedykn@dion.ne.jp,Male
Geraldine,gdymentko@networkadvertising.org,Polygender
Lian,lleckeykp@gnu.org,Bigender
Lauraine,lfrekekq@oracle.com,Genderfluid
Lothario,lragbornekr@cnbc.com,Bigender
Athena,agastickeks@statcounter.com,Polygender
Denny,dscrivenskt@java.com,Genderqueer
Curcio,ctourryku@state.tx.us,Polygender
Gael,ggandykv@jalbum.net,Agender
Sarine,ssearstonkw@soundcloud.com,Polygender
Dilan,dmacgianykx@drupal.org,Genderqueer
Tisha,tdequinceyky@webs.com,Genderqueer
Claire,ccrantonkz@youtube.com,Polygender
Ingmar,imerrymanl0@biglobe.ne.jp,Agender
Rhea,rtrengrousel1@theglobeandmail.com,Bigender
Horacio,hbrockhurstl2@eepurl.com,Agender
Andree,abonderl3@telegraph.co.uk,Non-binary
Fanni,fshellyl4@istockphoto.com,Agender
Zelda,zmacnairl5@mediafire.com,Genderfluid
Krishnah,kmcindoel6@jimdo.com,Genderqueer
Montague,mandrzejl7@guardian.co.uk,Genderfluid
Erminia,ekeizmanl8@csmonitor.com,Agender
Almeda,asmeetonl9@parallels.com,Polygender
April,asuttabyla@umn.edu,Bigender
Ransom,rmcmanamanlb@topsy.com,Female
Sashenka,stuttonlc@csmonitor.com,Genderfluid
Gertruda,gepinoyld@free.fr,Polygender
Garold,gtouzeyle@boston.com,Male
Kennith,kstraffonlf@blinklist.com,Polygender
Hilario,hobruenlg@ucla.edu,Bigender
Archer,aadriennelh@bbc.co.uk,Male
Sigismond,scuradoli@ning.com,Bigender
Roscoe,rjaymelj@issuu.com,Bigender
Mariana,mbraksperlk@tripadvisor.com,Genderfluid
Gates,gsummerbellll@biglobe.ne.jp,Genderqueer
Corabella,cgroveslm@prnewswire.com,Polygender
Biddie,bvolettln@netlog.com,Genderqueer
Kerry,ktruinlo@csmonitor.com,Genderqueer
Garrot,gbeeklp@icq.com,Non-binary
Rosco,rexerlq@rakuten.co.jp,Male
Carena,csmallpeacelr@dell.com,Agender
Hermy,hwedderburnls@cargocollective.com,Male
Bear,bswinnertonlt@bandcamp.com,Polygender
Maisie,mfoggartylu@about.me,Female
Justine,jmacinerneylv@homestead.com,Polygender
Brandi,bbrosemanlw@eventbrite.com,Male
Lina,ltottlx@oakley.com,Male
Reamonn,rpedrolloly@umich.edu,Bigender
Francine,fainscowlz@amazon.co.jp,Genderqueer
Broddy,bgreavem0@smugmug.com,Polygender
Davida,doholleganm1@berkeley.edu,Male
Conrad,coutrightm2@businesswire.com,Male
West,wotoolem3@msu.edu,Male
Veronica,vtaddm4@cpanel.net,Bigender
Claudetta,cmccorriem5@tmall.com,Female
Jarret,jhambeltonm6@independent.co.uk,Bigender
Angelique,adesbrowm7@yale.edu,Male
Maggi,mruppertzm8@cloudflare.com,Non-binary
Hinda,henglishbym9@mapquest.com,Agender
Germain,ghurlema@mozilla.com,Male
Gayler,gsoamemb@bbb.org,Agender
Eb,eyorkstonmc@lulu.com,Agender
Jamima,jtinmouthmd@gnu.org,Female
Winny,wgalierme@jugem.jp,Female
Ludovico,lmcrobertsmf@sciencedaily.com,Genderqueer
Patten,pdelionmg@businesswire.com,Polygender
Joey,jcavaneymh@friendfeed.com,Genderqueer
Marlo,mburgonmi@princeton.edu,Male
Marina,maspinallmj@theatlantic.com,Genderqueer
Ganny,gruckmanmk@thetimes.co.uk,Genderqueer
Jessi,jyeatsml@networksolutions.com,Genderqueer
Susannah,shallyburtonmm@noaa.gov,Male
Lynda,lwhinraymn@fotki.com,Genderfluid
Millie,mmccarlichmo@redcross.org,Non-binary
Bradford,bkeplingmp@fotki.com,Non-binary
Corbett,cjoustmq@issuu.com,Male
Elie,esiggemr@walmart.com,Male
Jake,jmumbyms@google.ru,Genderqueer
Ardelia,ahaenselmt@independent.co.uk,Non-binary
Kennie,ksoughtonmu@abc.net.au,Male
Olivia,oscurrahmv@rambler.ru,Female
Imogen,iciardomw@google.com,Genderqueer
Wiatt,wquarrymx@nydailynews.com,Genderfluid
Ilse,iyearnsleymy@economist.com,Female
Eugenius,etophammz@artisteer.com,Genderqueer
Booth,briccardinin0@posterous.com,Non-binary
Shelley,stschiersen1@facebook.com,Female
Elvera,eauchterlonyn2@weather.com,Polygender
Kelby,ktippettsn3@sohu.com,Bigender
Coleman,clandalln4@wikispaces.com,Genderfluid
Anna-maria,aandrysekn5@wikia.com,Bigender
Cherilynn,cbuckamn6@businessweek.com,Polygender
Artur,atournern7@nps.gov,Genderqueer
Rhett,rkoenraadn8@tinypic.com,Agender
Lois,lkuhnertn9@berkeley.edu,Agender
Chandler,cslimmonna@storify.com,Agender
Aundrea,atwinenb@bandcamp.com,Genderfluid
Barrie,bmattityahounc@flavors.me,Non-binary
Gavrielle,gkemptonnd@ycombinator.com,Non-binary
Fraze,foclovanne@flavors.me,Bigender
Corliss,cbashfordnf@webeden.co.uk,Agender
Joanna,jdjorvicng@chicagotribune.com,Agender
Heidie,hpeaseynh@squarespace.com,Male
Isidora,idalmonni@ihg.com,Male
Conant,csainznj@ustream.tv,Polygender
Masha,mpeevornk@cbc.ca,Polygender
Camilla,cshearmernl@reddit.com,Male
Mallorie,mkinnettnm@ask.com,Agender
Ernie,efoggonn@cam.ac.uk,Male
Ailyn,adelaundeno@csmonitor.com,Male
Thorpe,tbernardinonp@surveymonkey.com,Polygender
Olivie,overekernq@ucoz.ru,Female
Onfre,opiolinr@usnews.com,Bigender
Lian,lcastellons@stanford.edu,Genderqueer
Gustie,gclaraent@wunderground.com,Genderqueer
Diego,dbottlenu@bizjournals.com,Polygender
Catherin,cprottnv@guardian.co.uk,Genderqueer
Walden,wwhightnw@salon.com,Male
Alexandr,alystenx@networksolutions.com,Agender
Madalena,mgratrexny@storify.com,Genderqueer
Evelina,ebausornz@chron.com,Polygender
Marybeth,mfiremano0@soup.io,Bigender
Waldon,wcaldecotto1@odnoklassniki.ru,Female
Byron,blandono2@livejournal.com,Genderfluid
Harmonia,hfindlowo3@google.ru,Female
Ruggiero,rsalvatoreo4@amazon.co.jp,Polygender
Austin,alonghorno5@i2i.jp,Agender
Ivette,igarnaro6@naver.com,Female
Liz,lvericko7@vinaora.com,Genderqueer
Cosette,cgwynno8@eepurl.com,Female
Sissie,srendbaeko9@chicagotribune.com,Genderqueer
Evangelin,emccloyoa@tiny.cc,Male
Lizzy,lmcmoniesob@reference.com,Bigender
Hakeem,hmcleodoc@newyorker.com,Non-binary
Samaria,sswinbourneod@amazon.de,Female
Kalvin,kwincomoe@amazon.com,Genderqueer
Susan,skenneyof@bandcamp.com,Male
Phaidra,prickersyog@bbb.org,Bigender
Renie,rdeyeoh@google.ru,Non-binary
Merrili,mkilbournoi@webmd.com,Genderqueer
Wynn,wspurriaroj@aboutads.info,Bigender
Andy,aentreisok@cnn.com,Non-binary
Katinka,kselbieol@paypal.com,Polygender
Marni,mmacilurickom@google.co.jp,Agender
Vlad,vhubbuckeon@lycos.com,Agender
Josias,jroofoo@deliciousdays.com,Bigender
Colan,cmegsonop@techcrunch.com,Genderfluid
Wiatt,wmerridayoq@cnet.com,Non-binary
Wade,whissettor@nba.com,Non-binary
Sibley,sburnettos@macromedia.com,Genderqueer
Sibyl,scordaroyot@canalblog.com,Agender
Ann-marie,amaxwaileou@dell.com,Bigender
Gizela,gerroweov@dell.com,Non-binary
Kaleb,kmeddowsow@canalblog.com,Non-binary
Abagail,abeushawox@geocities.com,Genderqueer
Buddy,bcharteroy@oakley.com,Genderqueer
Codi,cpulteneyeoz@last.fm,Polygender
Ellissa,ewalaronp0@stumbleupon.com,Polygender
Gene,gnormavillp1@fema.gov,Male
Lyell,lpidginp2@rakuten.co.jp,Polygender
Godard,gkarlmannp3@weebly.com,Male
Harriett,hfechniep4@apple.com,Agender
Billy,bdjordjevicp5@narod.ru,Bigender
Loren,lwillesp6@is.gd,Male
Zabrina,zbischoffp7@newyorker.com,Agender
Steve,stornsp8@cmu.edu,Non-binary
Kerri,kgoresp9@slideshare.net,Polygender
Kim,kloxdalepa@dedecms.com,Male
Sigismond,smackinpb@pcworld.com,Genderqueer
Bartholomeus,bpitrellipc@eepurl.com,Polygender
Rodolphe,rgilliardpd@facebook.com,Genderfluid
Anstice,aaldispe@nydailynews.com,Non-binary
Yulma,ymcguckinpf@smh.com.au,Non-binary
Florina,fhauggpg@yellowpages.com,Male
Ly,lhoveyph@zdnet.com,Polygender
Ange,adonettpi@google.es,Genderqueer
Noach,nguicepj@free.fr,Male
Daron,dhartnesspk@answers.com,Non-binary
Roma,rolivapl@blog.com,Male
Rebekah,rlewsiepm@earthlink.net,Bigender
Edy,egarrettspn@zimbio.com,Agender
Jacobo,jaffleckpo@last.fm,Male
Milena,mhamlingtonpp@pen.io,Bigender
Harper,hjestepq@tripadvisor.com,Agender
Jocelyne,jgolleypr@ed.gov,Genderfluid
Devi,dgillieps@guardian.co.uk,Non-binary
Sebastian,splattpt@infoseek.co.jp,Genderqueer
Pippa,ppettegreepu@scribd.com,Non-binary
Shelley,sredhollspv@slideshare.net,Genderfluid
Cairistiona,cskogginspw@msn.com,Female
Nefen,njalespx@networkadvertising.org,Male
Janella,jryhorovichpy@msn.com,Bigender
Benedict,bvyepz@ca.gov,Male
Warde,wettyq0@sun.com,Agender
Domini,deddowesq1@icio.us,Male
Ketti,kateggartq2@smugmug.com,Polygender
Renata,rmacyq3@4shared.com,Bigender
Scottie,smaevelaq4@opensource.org,Male
Carmine,cgilesq5@so-net.ne.jp,Female
Fredi,fbestwickq6@businesswire.com,Genderfluid
Adams,acolegateq7@fc2.com,Female
Maxy,mbidewelq8@nymag.com,Genderqueer
Sanson,ssoffq9@sourceforge.net,Genderfluid
Cthrine,cdenricoqa@bloomberg.com,Agender
Tawsha,tcolgraveqb@jugem.jp,Non-binary
Walt,wgehrtsqc@msn.com,Polygender
Clareta,cimlackeqd@dmoz.org,Male
Earl,ebecksqe@google.pl,Male
Thia,tsteptoeqf@seesaa.net,Male
Rosina,rgreastyqg@thetimes.co.uk,Agender
Ethelred,eexpositoqh@walmart.com,Polygender
Lon,ltrowqi@ucoz.ru,Female
Mattie,mbaxqj@soundcloud.com,Genderqueer
Chevalier,cornelasqk@1688.com,Male
Myranda,mantosql@w3.org,Non-binary
Fifine,fmulqueenyqm@shutterfly.com,Male
Dolorita,dkubackiqn@digg.com,Agender
Gabriello,gromushkinqo@webmd.com,Genderqueer
Clarance,cquirkqp@berkeley.edu,Genderfluid
Mauricio,mhechlinqq@scribd.com,Genderfluid
Melva,mtuffsqr@is.gd,Non-binary
Blithe,bolivoqs@elegantthemes.com,Polygender
Logan,lchuggqt@shop-pro.jp,Polygender
Mitchael,mkitcherqu@nytimes.com,Male
Layney,lsibsonqv@shop-pro.jp,Genderfluid
Emlynne,ematyukonqw@addthis.com,Male
Cilka,credfearnqx@rediff.com,Male
Timofei,tpervoeqy@uol.com.br,Genderqueer
Florinda,fministerqz@so-net.ne.jp,Genderfluid
Annora,agroddenr0@samsung.com,Genderqueer
Nelson,nhowler1@accuweather.com,Agender
Paloma,pneamesr2@netvibes.com,Polygender
Idette,ishulemr3@amazon.de,Polygender
Lorain,lmabsonr4@liveinternet.ru,Female
Hussein,hsemonr5@multiply.com,Agender
Ronald,rbattlesonr6@sina.com.cn,Male
Sayre,srubinchikr7@arizona.edu,Genderqueer
Onfre,onorthenr8@amazonaws.com,Female
Engracia,ebaderr9@surveymonkey.com,Agender
Cash,cpideonra@hostgator.com,Male
Roger,rpedersenrb@kickstarter.com,Female
Gunther,glaughnanrc@studiopress.com,Agender
Lolita,lstreatrd@nifty.com,Genderfluid
Lavinia,lvickorsre@tuttocitta.it,Non-binary
Suzanna,srossinrf@thetimes.co.uk,Genderqueer
Nora,nkinseyrg@alexa.com,Non-binary
Merry,mmatczakrh@issuu.com,Male
Cherilynn,cautinri@stumbleupon.com,Polygender
Morgun,mdillamorerj@free.fr,Bigender
Amalia,ahanfreyrk@pbs.org,Genderfluid
Nikolia,ncamiliorl@prnewswire.com,Non-binary
Rebecca,rnickelsrm@cloudflare.com,Genderqueer
Lizette,lshowalterrn@virginia.edu,Agender
Barth,bzeplinro@cmu.edu,Non-binary
Kally,kwolfendenrp@tuttocitta.it,Polygender
Isadora,igibbesonrq@cafepress.com,Female
Harrison,hdigiacomettinorr@slashdot.org,Female
